-- CREATE DATABASE knock2project;

-- USE knock2project;

-- user start
CREATE TABLE city (
id INT AUTO_INCREMENT PRIMARY KEY,
city_name VARCHAR(20) NOT NULL);

INSERT INTO city(city_name) VALUES
('臺北市'),
('基隆市'),
('新北市'),
('宜蘭縣'),
('新竹市'),
('新竹縣'),
('桃園市'),
('苗栗縣'),
('臺中市'),
('彰化縣'),
('南投縣'),
('嘉義市'),
('嘉義縣'),
('雲林縣'),
('臺南市'),
('高雄市'),
('澎湖縣'),
('金門縣'),
('屏東縣'),
('臺東縣'),
('花蓮縣'),
('連江縣');


CREATE TABLE district (
id INT AUTO_INCREMENT PRIMARY KEY,
postal_codes INT,
district_name VARCHAR(20) NOT NULL,
city_id INT NOT NULL,
FOREIGN KEY (city_id) REFERENCES city(id));



INSERT INTO district(postal_codes,district_name,city_id) VALUE
(100,'中正區',1),
(103,'大同區',1),
(104,'中山區',1),
(105,'松山區',1),
(106,'大安區',1),
(108,'萬華區',1),
(110,'信義區',1),
(111,'士林區',1),
(112,'北投區',1),
(114,'內湖區',1),
(115,'南港區',1),
(116,'文山區',1),
(200,'仁愛區',2),
(201,'信義區',2),
(202,'中正區',2),
(203,'中山區',2),
(204,'安樂區',2),
(205,'暖暖區',2),
(206,'七堵區',2),
(207,'萬里區',3),
(208,'金山區',3),
(209,'南竿鄉',22),
(210,'北竿鄉',22),
(211,'莒光鄉',22),
(212,'東引鄉',22),
(220,'板橋區',3),
(221,'汐止區',3),
(222,'深坑區',3),
(223,'石碇區',3),
(224,'瑞芳區',3),
(226,'平溪區',3),
(227,'雙溪區',3),
(228,'貢寮區',3),
(231,'新店區',3),
(232,'坪林區',3),
(233,'烏來區',3),
(234,'永和區',3),
(235,'中和區',3),
(236,'土城區',3),
(237,'三峽區',3),
(238,'樹林區',3),
(239,'鶯歌區',3),
(241,'三重區',3),
(242,'新莊區',3),
(243,'泰山區',3),
(244,'林口區',3),
(247,'蘆洲區',3),
(248,'五股區',3),
(249,'八里區',3),
(251,'淡水區',3),
(252,'三芝區',3),
(253,'石門區',3),
(260,'宜蘭市',4),
(261,'頭城鎮',4),
(262,'礁溪鄉',4),
(263,'壯圍鄉',4),
(264,'員山鄉',4),
(265,'羅東鎮',4),
(266,'三星鄉',4),
(267,'大同鄉',4),
(268,'五結鄉',4),
(269,'冬山鄉',4),
(270,'蘇澳鎮',4),
(272,'南澳鄉',4),
(300,'新竹市',5),
(302,'竹北市',6),
(303,'湖口鄉',6),
(304,'新豐鄉',6),
(305,'新埔鎮',6),
(306,'關西鎮',6),
(307,'芎林鄉',6),
(308,'寶山鄉',6),
(310,'竹東鎮',6),
(311,'五峰鄉',6),
(312,'橫山鄉',6),
(313,'尖石鄉',6),
(314,'北埔鄉',6),
(315,'峨眉鄉',6),
(320,'中壢區',7),
(324,'平鎮區',7),
(325,'龍潭區',7),
(326,'楊梅區',7),
(327,'新屋區',7),
(328,'觀音區',7),
(330,'桃園區',7),
(333,'龜山區',7),
(334,'八德區',7),
(335,'大溪區',7),
(336,'復興區',7),
(337,'大園區',7),
(338,'蘆竹區',7),
(350,'竹南鎮',8),
(351,'頭份市',8),
(352,'三灣鄉',8),
(353,'南庄鄉',8),
(354,'獅潭鄉',8),
(356,'後龍鎮',8),
(357,'通霄鎮',8),
(358,'苑裡鎮',8),
(360,'苗栗市',8),
(361,'造橋鄉',8),
(362,'頭屋鄉',8),
(363,'公館鄉',8),
(364,'大湖鄉',8),
(365,'泰安鄉',8),
(366,'銅鑼鄉',8),
(367,'三義鄉',8),
(368,'西湖鄉',8),
(369,'卓蘭鎮',8),
(400,'中區',9),
(401,'東區',9),
(402,'南區',9),
(403,'西區',9),
(404,'北區',9),
(406,'北屯區',9),
(407,'西屯區',9),
(408,'南屯區',9),
(411,'太平區',9),
(412,'大里區',9),
(413,'霧峰區',9),
(414,'烏日區',9),
(420,'豐原區',9),
(421,'后里區',9),
(422,'石岡區',9),
(423,'東勢區',9),
(424,'和平區',9),
(426,'新社區',9),
(427,'潭子區',9),
(428,'大雅區',9),
(429,'神岡區',9),
(432,'大肚區',9),
(433,'沙鹿區',9),
(434,'龍井區',9),
(435,'梧棲區',9),
(436,'清水區',9),
(437,'大甲區',9),
(438,'外埔區',9),
(439,'大安區',9),
(500,'彰化市',10),
(502,'芬園鄉',10),
(503,'花壇鄉',10),
(504,'秀水鄉',10),
(505,'鹿港鎮',10),
(506,'福興鄉',10),
(507,'線西鄉',10),
(508,'和美鎮',10),
(509,'伸港鄉',10),
(510,'員林市',10),
(511,'社頭鄉',10),
(512,'永靖鄉',10),
(513,'埔心鄉',10),
(514,'溪湖鎮',10),
(515,'大村鄉',10),
(516,'埔鹽鄉',10),
(520,'田中鎮',10),
(521,'北斗鎮',10),
(522,'田尾鄉',10),
(523,'埤頭鄉',10),
(524,'溪州鄉',10),
(525,'竹塘鄉',10),
(526,'二林鎮',10),
(527,'大城鄉',10),
(528,'芳苑鄉',10),
(530,'二水鄉',10),
(540,'南投市',11),
(541,'中寮鄉',11),
(542,'草屯鎮',11),
(544,'國姓鄉',11),
(545,'埔里鎮',11),
(546,'仁愛鄉',11),
(551,'名間鄉',11),
(552,'集集鎮',11),
(553,'水里鄉',11),
(555,'魚池鄉',11),
(556,'信義鄉',11),
(557,'竹山鎮',11),
(558,'鹿谷鄉',11),
(600,'嘉義市',12),
(602,'番路鄉',13),
(603,'梅山鄉',13),
(604,'竹崎鄉',13),
(605,'阿里山鄉',13),
(606,'中埔鄉',13),
(607,'大埔鄉',13),
(608,'水上鄉',13),
(611,'鹿草鄉',13),
(612,'太保市',13),
(613,'朴子市',13),
(614,'東石鄉',13),
(615,'六腳鄉',13),
(616,'新港鄉',13),
(621,'民雄鄉',13),
(622,'大林鎮',13),
(623,'溪口鄉',13),
(624,'義竹鄉',13),
(625,'布袋鎮',13),
(630,'斗南鎮',14),
(631,'大埤鄉',14),
(632,'虎尾鎮',14),
(633,'土庫鎮',14),
(634,'褒忠鄉',14),
(635,'東勢鄉',14),
(636,'臺西鄉',14),
(637,'崙背鄉',14),
(638,'麥寮鄉',14),
(640,'斗六市',14),
(643,'林內鄉',14),
(646,'古坑鄉',14),
(647,'莿桐鄉',14),
(648,'西螺鎮',14),
(649,'二崙鄉',14),
(651,'北港鎮',14),
(652,'水林鄉',14),
(653,'口湖鄉',14),
(654,'四湖鄉',14),
(655,'元長鄉',14),
(700,'中西區',15),
(701,'東區',15),
(702,'南區',15),
(704,'北區',15),
(708,'安平區',15),
(709,'安南區',15),
(710,'永康區',15),
(711,'歸仁區',15),
(712,'新化區',15),
(713,'左鎮區',15),
(714,'玉井區',15),
(715,'楠西區',15),
(716,'南化區',15),
(717,'仁德區',15),
(718,'關廟區',15),
(719,'龍崎區',15),
(720,'官田區',15),
(721,'麻豆區',15),
(722,'佳里區',15),
(723,'西港區',15),
(724,'七股區',15),
(725,'將軍區',15),
(726,'學甲區',15),
(727,'北門區',15),
(730,'新營區',15),
(731,'後壁區',15),
(732,'白河區',15),
(733,'東山區',15),
(734,'六甲區',15),
(735,'下營區',15),
(736,'柳營區',15),
(737,'鹽水區',15),
(741,'善化區',15),
(742,'大內區',15),
(743,'山上區',15),
(744,'新市區',15),
(745,'安定區',15),
(800,'新興區',16),
(801,'前金區',16),
(802,'苓雅區',16),
(803,'鹽埕區',16),
(804,'鼓山區',16),
(805,'旗津區',16),
(806,'前鎮區',16),
(807,'三民區',16),
(811,'楠梓區',16),
(812,'小港區',16),
(813,'左營區',16),
(814,'仁武區',16),
(815,'大社區',16),
(817,'東沙群島',16),
(819,'南沙群島',16),
(820,'岡山區',16),
(821,'路竹區',16),
(822,'阿蓮區',16),
(823,'田寮區',16),
(824,'燕巢區',16),
(825,'橋頭區',16),
(826,'梓官區',16),
(827,'彌陀區',16),
(828,'永安區',16),
(829,'湖內區',16),
(830,'鳳山區',16),
(831,'大寮區',16),
(832,'林園區',16),
(833,'鳥松區',16),
(840,'大樹區',16),
(842,'旗山區',16),
(843,'美濃區',16),
(844,'六龜區',16),
(845,'內門區',16),
(846,'杉林區',16),
(847,'甲仙區',16),
(848,'桃源區',16),
(849,'那瑪夏區',16),
(851,'茂林區',16),
(852,'茄萣區',16),
(880,'馬公市',17),
(881,'西嶼鄉',17),
(882,'望安鄉',17),
(883,'七美鄉',17),
(884,'白沙鄉',17),
(885,'湖西鄉',17),
(890,'金沙鎮',18),
(891,'金湖鎮',18),
(892,'金寧鄉',18),
(893,'金城鎮',18),
(894,'烈嶼鄉',18),
(896,'烏坵鄉',18),
(900,'屏東市',19),
(901,'三地門鄉',19),
(902,'霧臺鄉',19),
(903,'瑪家鄉',19),
(904,'九如鄉',19),
(905,'里港鄉',19),
(906,'高樹鄉',19),
(907,'鹽埔鄉',19),
(908,'長治鄉',19),
(909,'麟洛鄉',19),
(911,'竹田鄉',19),
(912,'內埔鄉',19),
(913,'萬丹鄉',19),
(920,'潮州鎮',19),
(921,'泰武鄉',19),
(922,'來義鄉',19),
(923,'萬巒鄉',19),
(924,'崁頂鄉',19),
(925,'新埤鄉',19),
(926,'南州鄉',19),
(927,'林邊鄉',19),
(928,'東港鎮',19),
(929,'琉球鄉',19),
(931,'佳冬鄉',19),
(932,'新園鄉',19),
(940,'枋寮鄉',19),
(941,'枋山鄉',19),
(942,'春日鄉',19),
(943,'獅子鄉',19),
(944,'車城鄉',19),
(945,'牡丹鄉',19),
(946,'恆春鎮',19),
(947,'滿州鄉',19),
(950,'臺東市',20),
(951,'綠島鄉',20),
(952,'蘭嶼鄉',20),
(953,'延平鄉',20),
(954,'卑南鄉',20),
(955,'鹿野鄉',20),
(956,'關山鎮',20),
(957,'海端鄉',20),
(958,'池上鄉',20),
(959,'東河鄉',20),
(961,'成功鎮',20),
(962,'長濱鄉',20),
(963,'太麻里鄉',20),
(964,'金峰鄉',20),
(965,'大武鄉',20),
(966,'達仁鄉',20),
(970,'花蓮市',21),
(971,'新城鄉',21),
(972,'秀林鄉',21),
(973,'吉安鄉',21),
(974,'壽豐鄉',21),
(975,'鳳林鎮',21),
(976,'光復鄉',21),
(977,'豐濱鄉',21),
(978,'瑞穗鄉',21),
(979,'萬榮鄉',21),
(981,'玉里鎮',21),
(982,'卓溪鄉',21),
(983,'富里鄉',21);


CREATE TABLE users (
user_id int NOT NULL PRIMARY KEY AUTO_INCREMENT,
account varchar(100) NOT NULL UNIQUE KEY,
password varchar(255) DEFAULT NULL,
name varchar(20) NOT NULL,
nick_name varchar(50) NOT NULL,
gender char(1) DEFAULT NULL,
birthday date DEFAULT NULL,
mobile_phone char(10) DEFAULT NULL,
invoice_carrier_id char(8) DEFAULT NULL,
tax_id char(8) DEFAULT NULL,
avatar varchar(100) DEFAULT 'default.png',
google_uid varchar(255) DEFAULT NULL,
facebook_uid varchar(255) DEFAULT NULL,
note varchar(200) DEFAULT NULL,
user_status char(1) DEFAULT NULL,
blacklist char(1) DEFAULT NULL,
created_at datetime DEFAULT CURRENT_TIMESTAMP,
last_modified_at datetime DEFAULT CURRENT_TIMESTAMP,
last_modified_by int DEFAULT '1',
totp_secret varchar(255) DEFAULT NULL,
totp_enabled int NOT NULL DEFAULT '0') ;




INSERT INTO users 
(account, password, name, nick_name, gender, birthday, mobile_phone, invoice_carrier_id, tax_id, avatar, google_uid, created_at, last_modified_at, last_modified_by, totp_secret, totp_enabled)
VALUES
('test1@test.com', '$2b$12$7NoUs09etOvB0KDXwoGSnuwQW2mX1GEZCzFPrTIRjHdo/0v9YvbsO', '吳緯婷', '緯婷', '0', '1983-05-27', '0912345678', '/ST06666', '66666666', 'default.png', NULL, '2024-07-10 16:03:25', '2024-07-16 15:30:19', 0, NULL, 0),
('test2@test.com', '$2b$12$7NoUs09etOvB0KDXwoGSnuwQW2mX1GEZCzFPrTIRjHdo/0v9YvbsO', '陳嘉欣', '嘉欣', '1', '1985-05-05', '0922345678', '/CD23456', '23456789', 'e1ea6fed-cecd-4b5e-bee5-ef156301e87d.png', NULL, '2024-07-09 01:36:28', '2024-07-09 01:36:28', 1, NULL, 0),
('test3@test.com', '$2b$12$7NoUs09etOvB0KDXwoGSnuwQW2mX1GEZCzFPrTIRjHdo/0v9YvbsO', '林志玲', '玲玲', '1', '1992-03-03', '0932345678', '/EF34567', '34567890', 'fe232eb3-c0d9-4d8c-8bfd-e62161aa0dc9.png', NULL, '2024-07-09 01:36:28', '2024-07-09 01:36:28', 1, NULL, 0),
('test4@test.com', '$2b$12$7NoUs09etOvB0KDXwoGSnuwQW2mX1GEZCzFPrTIRjHdo/0v9YvbsO', '張庭瑋', '阿瑋', '0', '1988-08-08', '0942345678', '/GH45678', '45678901', '2e8102b4-76a5-44a6-b18c-15134ce6d9aa.png', NULL, '2024-07-09 01:36:28', '2024-07-09 01:36:28', 1, NULL, 0),
('test5@test.com', '$2b$12$7NoUs09etOvB0KDXwoGSnuwQW2mX1GEZCzFPrTIRjHdo/0v9YvbsO', '劉子瑜', '小魚', '0', '1995-12-12', '0952345678', '/IJ56789', '56789012', '9f4e33bf-b87d-4dbd-8b75-18239f33b5b6.png', NULL, '2024-07-09 01:36:28', '2024-07-09 01:36:28', 1, NULL, 0),
('test6@test.com', '$2b$12$7NoUs09etOvB0KDXwoGSnuwQW2mX1GEZCzFPrTIRjHdo/0v9YvbsO', '孫文傑', '傑哥', '0', '1993-09-09', '0962345678', '/KL67890', '80328219', 'default.png', NULL, '2024-07-09 01:36:28', '2024-07-09 01:36:28', 1, NULL, 0),
('test7@test.com', '$2b$12$7NoUs09etOvB0KDXwoGSnuwQW2mX1GEZCzFPrTIRjHdo/0v9YvbsO', '黃建銘', '建銘', '0', '1991-06-06', '0972345678', '/MN78901', '73251209', 'caf764b3-555f-4f5e-a088-e9c750bb42ff.png', NULL, '2024-07-09 01:36:28', '2024-07-09 01:36:28', 1, NULL, 0),
('test8@test.com', '$2b$12$7NoUs09etOvB0KDXwoGSnuwQW2mX1GEZCzFPrTIRjHdo/0v9YvbsO', '周志豪', '志豪', '0', '1987-04-04', '0982345678', '/OP89012', '22099131', 'default.png', NULL, '2024-07-09 01:36:28', '2024-07-09 01:36:28', 1, NULL, 0),
('test9@test.com', '$2b$12$7NoUs09etOvB0KDXwoGSnuwQW2mX1GEZCzFPrTIRjHdo/0v9YvbsO', '吳佩珊', '珊珊', '1', '1994-11-11', '0992345678', '/QR90123', '90123456', 'ea079a58-e599-493b-a9b7-31fc8c2655bf.png', NULL, '2024-07-09 01:36:28', '2024-07-09 01:36:28', 1, NULL, 0),
('test10@test.com', '$2b$12$7NoUs09etOvB0KDXwoGSnuwQW2mX1GEZCzFPrTIRjHdo/0v9YvbsO', '蔡宗翰', '蔡宗翰', '0', '1989-07-07', '0902345678', '/ST01234', '01234567', '000e1f5f-d1b3-4c52-a831-df4f69f79d9b.png', NULL, '2024-07-09 01:36:28', '2024-07-09 01:36:28', 1, NULL, 0),
('knockk2411@gmail.com', NULL, 'knock納珂', 'knock納珂', '0', '1983-05-27', '0912345678', '/CD23456', '22099131', 'a7eece64-7253-4193-97a9-a527a3a83d47.png', '101302469451351609898', '2024-07-09 09:37:00', '2024-07-10 01:19:29', 0, NULL, 0),
('wahoo@mail.go', '$2b$12$MTvemTpH4DDt5c6VL0ubA.GSoLUmN0uqER2onhYj4tpK6943i3qTa', '王浩然', '王浩然', '0', '1990-01-01', '0912345678', '/AB12345', '12345678', 'baaa3c52-b351-45d7-aebf-af8eeccec99b.png', NULL, '2024-07-09 01:36:28', '2024-07-09 14:55:37', 0, NULL, 0),
('lala@mail.com', '$2b$12$MTvemTpH4DDt5c6VL0ubA.GSoLUmN0uqER2onhYj4tpK6943i3qTa', '苗妙喵', '快樂小貓', '1', '1993-09-09', '0962345678', '/KL67890', '67890123', '89658e95-86e9-4695-a78d-a4714daace99.png', NULL, '2024-07-09 01:36:28', '2024-07-09 01:36:28', 1, NULL, 0),
('test14@test.com', '$2b$12$7NoUs09etOvB0KDXwoGSnuwQW2mX1GEZCzFPrTIRjHdo/0v9YvbsO', '楊宗緯', '宗緯', '0', '1991-06-06', '0972345678', '/MN78901', '78901234', 'default.png', NULL, '2024-07-09 01:36:28', '2024-07-09 01:36:28', 1, NULL, 0),
('test15@test.com', '$2b$12$7NoUs09etOvB0KDXwoGSnuwQW2mX1GEZCzFPrTIRjHdo/0v9YvbsO', '趙麗華', '麗華', '1', '1988-08-08', '0942345678', '/GH45678', '45678901', 'default.png', NULL, '2024-07-09 01:36:28', '2024-07-09 01:36:28', 1, NULL, 0),
('test16@test.com', '$2b$12$7NoUs09etOvB0KDXwoGSnuwQW2mX1GEZCzFPrTIRjHdo/0v9YvbsO', '吳慶隆', '慶龍', '0', '1989-07-07', '0902345678', '/ST01234', '01234567', 'default.png', NULL, '2024-07-09 01:36:28', '2024-07-09 01:36:28', 1, NULL, 0),
('test17@test.com', '$2b$12$7NoUs09etOvB0KDXwoGSnuwQW2mX1GEZCzFPrTIRjHdo/0v9YvbsO', '李佩儀', '佩儀', '1', '1988-08-08', '0942345678', '/GH45678', '45678901', 'default.png', NULL, '2024-07-09 01:36:28', '2024-07-09 01:36:28', 1, NULL, 0),
('test18@test.com', '$2b$12$7NoUs09etOvB0KDXwoGSnuwQW2mX1GEZCzFPrTIRjHdo/0v9YvbsO', '鍾志強', '強哥', '0', '1994-11-11', '0992345678', '/QR90123', '90123456', 'default.png', NULL, '2024-07-09 01:36:28', '2024-07-09 01:36:28', 1, NULL, 0),
('test19@test.com', '$2b$12$7NoUs09etOvB0KDXwoGSnuwQW2mX1GEZCzFPrTIRjHdo/0v9YvbsO', '吳怡君', '君君', '1', '1995-12-12', '0952345678', '/IJ56789', '56789012', 'default.png', NULL, '2024-07-09 01:36:28', '2024-07-09 01:36:28', 1, NULL, 0),
('test20@test.com', '$2b$12$7NoUs09etOvB0KDXwoGSnuwQW2mX1GEZCzFPrTIRjHdo/0v9YvbsO', '李佳穎', '佳穎', '1', '1992-03-03', '0932345678', '/EF34567', '34567890', 'default.png', NULL, '2024-07-09 01:36:28', '2024-07-09 01:36:28', 1, NULL, 0);




CREATE TABLE address (
id INT AUTO_INCREMENT PRIMARY KEY,
user_id INT NOT NULL,
district_id INT NOT NULL,
address VARCHAR(100) NOT NULL,
recipient_name VARCHAR(20) NOT NULL,
mobile_phone CHAR(10) NOT NULL,
type CHAR(1));



CREATE TABLE otp (
id int NOT NULL PRIMARY KEY AUTO_INCREMENT,
user_id int NOT NULL,
account varchar(255) CHARACTER SET utf8mb4 COLLATE utf8mb4_0900_ai_ci NOT NULL,
token varchar(255) NOT NULL,
secret varchar(255) DEFAULT NULL,
exp_timestamp bigint NOT NULL,
created_at datetime NOT NULL,
updated_at datetime NOT NULL);


INSERT INTO address(user_id, district_id, address, recipient_name, mobile_phone, type)
VALUES
(1, 45, '中山路100號', '陳嘉欣', '0912345678', '1'),
(2, 78, '忠孝東路200號', '林志玲', '0912345678', '0'),
(3, 56, '南京東路300號', '張庭瑋', '0923456789', '1'),
(4, 120, '八德路400號', '劉子瑜', '0923456789', '0'),
(5, 15, '仁愛路500號', '李佳穎', '0923456789', '0'),
(6, 210, '文化路700號', '張大山', '0934567890', '0'),
(6, 300, '信義路800號', '周志豪', '0945678901', '1'),
(7, 150, '民生路900號', '吳佩珊', '0956789012', '1'),
(7, 200, '大同路1000號', '蔡宗翰', '0967890123', '1'),
(7, 30, '長安街1100號', '許家豪', '0978901234', '1'),
(8, 45, '永康街1200號', '鄭雅婷', '0978901234', '0'),
(9, 100, '復興南路1400號', '趙麗華', '0990123456', '1'),
(10, 180, '和平西路600號', '黃建銘', '0934567890', '1'),
(11, 78, '忠孝東路1300號', '楊宗緯', '0989012345', '1'),
(11, 250, '信義南路1500號', '吳慶隆', '0901234567', '1');



CREATE TABLE notifications (
    id int NOT NULL PRIMARY KEY AUTO_INCREMENT,
    type varchar(255) NOT NULL,
    message varchar(255) NOT NULL,
    created_at datetime NOT NULL,
    is_public char(1) NOT NULL DEFAULT '0');

INSERT INTO notifications (type, message, created_at, is_public) VALUES
('public', '享受 90% 的折扣，限時優惠！', '2024-07-27 14:35:27', '1'),
('public', '本週末全場商品滿 $100 享 20% 折扣！', '2024-07-25 10:21:34', '1'),
('public', '新用戶註冊即送 $50 現金券！', '2024-07-27 08:19:50', '1'),
('public', '特價商品限時開放，快來搶購！', '2024-07-26 16:45:12', '1'),
('public', '購買兩件商品，享第二件半價優惠！', '2024-07-23 13:10:08', '1'),
('public', '本月會員專屬優惠，全場商品享 15% 折扣！', '2024-07-24 09:55:38', '1'),
('public', '現在加入會員，首次購物享 10% 折扣！', '2024-07-28 12:05:44', '1'),
('public', '推薦朋友註冊，雙方均可獲得 $50 優惠券！', '2024-07-30 18:22:53', '1'),
('public', '全場包郵活動，只限今天！', '2024-07-22 07:40:19', '1'),
('public', '限量禮品，購物滿 $50 即送精美小禮物！', '2024-07-21 19:30:33', '1'),
('public', '週年慶大優惠，所有商品 75 折！', '2024-07-22 10:15:27', '1'),
('public', '清倉大拍賣，折扣高達 60%！', '2024-07-23 14:45:34', '1'),
('public', '消費滿 $2000 送 $20 折價券！', '2024-07-24 09:30:50', '1'),
('public', '加入會員，立即享受 9 折優惠！', '2024-07-25 12:05:12', '1'),
('public', '全新產品上市，限時 8 折！', '2024-07-26 16:25:08', '1'),
('public', '單日消費滿 $1500 即可參加抽獎！', '2024-07-27 11:40:38', '1'),
('public', '早鳥優惠，全場商品 85 折！', '2024-07-28 08:15:44', '1'),
('public', '購買指定商品，享第二件 7 折！', '2024-07-29 15:35:53', '1'),
('public', '限時特賣，最低 8 折起！', '2024-07-30 18:45:19', '1'),
('public', '好友分享活動，雙方均可享 $50 折扣！', '2024-07-31 13:20:33', '1');



CREATE TABLE user_notifications (
    id int NOT NULL PRIMARY KEY AUTO_INCREMENT,
    user_id int NOT NULL,
    notification_id int NOT NULL,
    is_read char(1) NOT NULL DEFAULT '0',
    read_at datetime DEFAULT NULL);



-- user end





-- product start
SET SQL_MODE = "NO_AUTO_VALUE_ON_ZERO";
START TRANSACTION;
SET time_zone = "+00:00";

/*!40101 SET @OLD_CHARACTER_SET_CLIENT=@@CHARACTER_SET_CLIENT */;
/*!40101 SET @OLD_CHARACTER_SET_RESULTS=@@CHARACTER_SET_RESULTS */;
/*!40101 SET @OLD_COLLATION_CONNECTION=@@COLLATION_CONNECTION */;
/*!40101 SET NAMES utf8mb4 */;


CREATE TABLE `favorite_title` (
  `title_id` int NOT NULL,
  `title_user_id` int NOT NULL,
  `title` varchar(100) NOT NULL
) ENGINE=InnoDB DEFAULT CHARSET=utf8mb4 COLLATE=utf8mb4_0900_ai_ci;

CREATE TABLE `messages` (
  `id` int NOT NULL,
  `room` varchar(255) DEFAULT NULL,
  `username` varchar(255) DEFAULT NULL,
  `type` varchar(10) CHARACTER SET utf8mb4 COLLATE utf8mb4_0900_ai_ci DEFAULT NULL,
  `message` text,
  `timestamp` timestamp NULL DEFAULT CURRENT_TIMESTAMP
) ENGINE=InnoDB DEFAULT CHARSET=utf8mb4 COLLATE=utf8mb4_0900_ai_ci;


CREATE TABLE `product_category` (
  `category_id` int NOT NULL,
  `category_name` varchar(255) DEFAULT NULL,
  `created_at` datetime DEFAULT NULL,
  `last_modified_by` varchar(255) DEFAULT NULL,
  `last_modified_at` datetime DEFAULT NULL
) ENGINE=InnoDB DEFAULT CHARSET=utf8mb4 COLLATE=utf8mb4_0900_ai_ci;

INSERT INTO `product_category` (`category_id`, `category_name`, `created_at`, `last_modified_by`, `last_modified_at`) VALUES
(1, '派對遊戲', '2024-05-12 17:38:54', '管理員', '2024-05-12 17:38:54'),
(2, '陣營遊戲', '2024-05-12 17:38:54', '管理員', '2024-05-12 17:38:54'),
(3, '家庭遊戲', '2024-05-12 17:38:54', '管理員', '2024-05-12 17:38:54'),
(4, '兒童遊戲', '2024-05-12 17:38:54', '管理員', '2024-05-12 17:38:54'),
(5, '策略遊戲', '2024-05-12 17:38:54', '管理員', '2024-05-12 17:38:54'),
(6, '兒童遊戲', '2024-05-12 17:38:54', '管理員', '2024-05-12 17:38:54'),
(7, '家庭遊戲', '2024-05-12 17:38:54', '管理員', '2024-05-12 17:38:54');

CREATE TABLE `product_favorites` (
  `favorite_id` int NOT NULL,
  `user_id` int NOT NULL,
  `fav_product_id` int NOT NULL,
  `section` int NOT NULL DEFAULT '1',
  `created_at` datetime NOT NULL DEFAULT CURRENT_TIMESTAMP
) ENGINE=InnoDB DEFAULT CHARSET=utf8mb4 COLLATE=utf8mb4_0900_ai_ci;

INSERT INTO `product_favorites` (`favorite_id`, `user_id`, `fav_product_id`, `section`, `created_at`) VALUES
(21, 15, 49, 2, '2024-07-29 10:43:38'),
(23, 15, 50, 3, '2024-07-30 18:53:54'),
(25, 15, 46, 2, '2024-07-30 18:53:58'),
(33, 15, 21, 3, '2024-07-30 22:41:22'),
(36, 15, 13, 3, '2024-07-30 22:41:39'),
(41, 15, 23, 2, '2024-07-30 22:52:38'),
(44, 15, 48, 2, '2024-07-30 23:01:50'),
(45, 15, 47, 1, '2024-07-30 23:01:50'),
(46, 15, 51, 1, '2024-07-30 23:02:16');

CREATE TABLE `product_img` (
  `img_id` int NOT NULL,
  `img_product_id` int NOT NULL,
  `product_img` varchar(50) CHARACTER SET utf8mb4 COLLATE utf8mb4_0900_ai_ci DEFAULT NULL
) ENGINE=InnoDB DEFAULT CHARSET=utf8mb4 COLLATE=utf8mb4_0900_ai_ci;

INSERT INTO `product_img` (`img_id`, `img_product_id`, `product_img`) VALUES
(1, 1, '1'),
(2, 1, '2'),
(3, 1, '3'),
(4, 2, '18'),
(5, 2, '5'),
(6, 2, '6'),
(7, 3, '2'),
(8, 3, '8'),
(9, 3, '9'),
(10, 4, '32'),
(11, 4, '16'),
(12, 4, '12'),
(13, 5, '15'),
(14, 5, '7'),
(15, 5, '15'),
(16, 6, '33'),
(17, 6, '27'),
(18, 6, '1'),
(19, 7, '6'),
(20, 7, '3'),
(21, 8, '7'),
(22, 8, '5'),
(23, 8, '6'),
(24, 9, '11'),
(25, 9, '8'),
(26, 9, '9'),
(27, 10, '35'),
(28, 10, '11'),
(29, 10, '12'),
(30, 11, '13'),
(31, 11, '20'),
(32, 11, '15'),
(33, 12, '16'),
(34, 12, '17'),
(35, 12, '1'),
(36, 13, '31'),
(37, 13, '3'),
(38, 14, '10'),
(39, 14, '11'),
(40, 14, '4'),
(41, 15, '36'),
(42, 15, '8'),
(43, 15, '9'),
(44, 16, '24'),
(45, 16, '11'),
(46, 16, '12'),
(47, 17, '8'),
(48, 17, '14'),
(49, 17, '24'),
(50, 13, '20'),
(51, 18, '7'),
(52, 18, '2'),
(53, 18, '3'),
(54, 7, '3'),
(55, 19, '5'),
(56, 19, '6'),
(57, 19, '7'),
(58, 20, '8'),
(59, 20, '9'),
(60, 20, '10'),
(61, 21, '34'),
(62, 21, '11'),
(63, 21, '13'),
(64, 22, '14'),
(65, 22, '15'),
(66, 22, '16'),
(67, 23, '36'),
(68, 23, '37'),
(69, 23, '35'),
(70, 24, '20'),
(71, 24, '21'),
(72, 24, '22'),
(73, 25, '23'),
(74, 25, '24'),
(75, 25, '25'),
(76, 26, '26'),
(77, 26, '1'),
(78, 26, '2'),
(79, 27, '3'),
(80, 27, '4'),
(81, 27, '5'),
(82, 28, '6'),
(83, 28, '7'),
(84, 28, '8'),
(85, 29, '9'),
(86, 29, '10'),
(87, 29, '11'),
(88, 30, '12'),
(89, 30, '13'),
(90, 30, '14'),
(91, 31, '15'),
(92, 31, '16'),
(93, 31, '17'),
(94, 32, '33'),
(95, 32, '19'),
(96, 32, '20'),
(97, 33, '21'),
(98, 33, '22'),
(99, 33, '23'),
(100, 34, '24'),
(101, 34, '25'),
(102, 34, '26'),
(103, 35, '1'),
(104, 35, '2'),
(105, 35, '3'),
(106, 36, '4'),
(107, 36, '5'),
(108, 36, '6'),
(109, 37, '7'),
(110, 37, '8'),
(111, 37, '9'),
(112, 38, '10'),
(113, 38, '11'),
(114, 38, '12'),
(115, 39, '41'),
(116, 39, '14'),
(117, 39, '15'),
(118, 40, '16'),
(119, 40, '17'),
(120, 40, '18'),
(121, 41, '19'),
(122, 41, '20'),
(123, 41, '21'),
(124, 42, '22'),
(125, 42, '23'),
(126, 42, '24'),
(127, 43, '31'),
(128, 43, '26'),
(129, 43, '1'),
(130, 44, '39'),
(131, 44, '3'),
(132, 44, '4'),
(133, 45, '5'),
(134, 45, '10'),
(135, 45, '7'),
(136, 46, '40'),
(137, 46, '9'),
(138, 46, '8'),
(139, 47, '1'),
(140, 47, '12'),
(141, 47, '13'),
(142, 48, '14'),
(143, 48, '15'),
(144, 48, '16'),
(145, 49, '38'),
(146, 49, '18'),
(147, 49, '19'),
(148, 50, '2'),
(149, 50, '21'),
(150, 50, '1'),
(151, 51, '32'),
(152, 51, '34'),
(153, 51, '31');

CREATE TABLE `product_management` (
  `product_id` int NOT NULL,
  `product_name` varchar(255) DEFAULT NULL,
  `price` int DEFAULT NULL,
  `product_img` int DEFAULT NULL,
  `summary` varchar(255) DEFAULT NULL,
  `description` varchar(500) NOT NULL,
  `components` varchar(255) DEFAULT NULL,
  `players` varchar(255) DEFAULT NULL,
  `duration` int DEFAULT NULL,
  `age` varchar(50) DEFAULT NULL,
  `category_id` int DEFAULT NULL,
  `status` int DEFAULT NULL,
  `created_at` datetime DEFAULT NULL,
  `last_modified_by` varchar(255) DEFAULT NULL,
  `last_modified_at` datetime DEFAULT CURRENT_TIMESTAMP
) ENGINE=InnoDB DEFAULT CHARSET=utf8mb4 COLLATE=utf8mb4_0900_ai_ci;

INSERT INTO `product_management` (`product_id`, `product_name`, `price`, `product_img`, `summary`, `description`, `components`, `players`, `duration`, `age`, `category_id`, `status`, `created_at`, `last_modified_by`, `last_modified_at`) VALUES
(1, '大冒險派對', 1980, 5, '《大冒險派對》是一款充滿挑戰和刺激的派對遊戲，適合大夥兒在聚會時盡情歡笑。玩家們需要完成各種瘋狂有趣的大冒險任務，從體力挑戰到智力測試，無所不包。這款遊戲鼓勵參與者勇敢突破自我，並且在完成任務的過程中享受彼此的互動和默契考驗。快來看看誰是聚會中的冒險王吧！', '這款派對遊戲的美術是由Thomas Ridgewell操刀，也就是無厘頭到備受讚譽的「asdfmovie」作者，在原系列短片中那不可預期的隨機性，與懷疑作者該去看醫生的超展開，都化作遊戲卡牌忠實呈現！\r\n;\r\n遊戲的卡牌分為「藍色」行動卡、「綠色」反擊卡和「紅色」陷阱卡，卡上的能力都圍繞著拿取卡牌或令其他玩家棄掉手牌，玩家需要善用卡牌在一團混戰中取得剛好10張手牌來獲得最終勝利。\r\n行動卡除了能力外也混雜著一些有趣小活動，可能在遊戲中強制大家合照──包括額頭上黏著卡片的那位朋友，或是乾脆強制重啟遊戲讓時空回溯，沒收你的勝利。陷阱卡也藉由「打出卡牌確立目標」、「等待或促使目標達成」最後才觸發效果，將隨機性放在卡牌能力，而不會讓玩家贏或輸得莫名其妙。\r\n;\r\n遊戲中所有卡牌圖面都不重複，簡單可愛的畫風混著作者來自不同維度的魔性幽默，同時也能從這款派對遊戲在KS募資上3800多萬見其實力，推薦給所有煩惱開團破冰遊戲總是千篇一律的主揪……或是唯恐天下不亂只希望世界毀滅的享樂主義者！\r\n', '魔法卡片, 迷宮地圖', '2-4人', 90, '10+', 1, 1, '2024-06-29 12:00:00', 'Admin', '2024-06-29 12:00:00'),
(2, '魔法交易所', 390, 8, '《魔法交易所》是一款快速反應和機智回答的派對遊戲，考驗你的知識廣度和反應速度。遊戲過程中，玩家需要在短時間內回答各種有趣的問題，從冷知識到腦筋急轉彎，應有盡有。這款遊戲不僅考驗你的知識庫，還能增進朋友之間的互動和默契，是聚會中必不可少的樂趣來源！', '你不眨眼能維持多久呢？\r\n你懶惰指數是多少呢？丟鞋子的話誰能丟最遠？\r\n她去過幾個國家？他談過幾次戀愛？\r\n你們真的互相了解嗎？\r\n;\r\n「認清你的朋友」是一款合作派對遊戲！\r\n每位玩家針對題目寫出自己的答案，輪流猜測自己的數字會「大於」或「小於」其他玩家，依序排出由小到大的順序，最後公開並驗證彼此對彼此的看法，考驗你們之間的熟悉度。\r\n;\r\n那個說我吃最多次速食的是不是該道歉一下？\r\n懶惰？我懶得跟你吵。\r\n友誼的小船說翻就翻，答案有時會跌破你的眼鏡，原來我們這麼不熟！\r\n', '軍事部隊, 科技發展卡', '3-6人', 120, '12+', 2, 2, '2024-06-29 12:00:00', 'Admin', '2024-06-29 12:00:00'),
(3, '秘密基地', 1399, 11, '《秘密基地》是一款充滿謎題和懸疑的桌遊，玩家們將化身為偵探，解開一樁樁神秘案件。透過搜集線索、分析證據和推理，玩家需要找出真相並揪出幕後黑手。這款遊戲考驗你的觀察力、推理能力和團隊合作精神，是喜愛推理小說和電影的玩家們不可錯過的佳作。', '考驗你的注意力、記憶力和膽識——\r\n;\r\n「名畫偵探」由Bruno Faidutti設計，是一款別出心裁的派對遊戲！\r\n每輪中，一名玩家扮演神偷，從美術館展覽中偷取1至3幅畫，隨後在拍賣會中將之脫手。;\r\n而其他玩家扮演偵探，試著在藝術品拍賣會中尋找失竊的畫作，你們能成為高超的偵探嗎？;\r\n在4人以上遊戲時，每名玩家扮演一次神偷；2-3人遊戲時，每名玩家都扮演兩次神偷。;\r\n每輪中，偵探發現被盜的名畫，便獲得分數，未被發現的名畫，則為神偷帶來分數。;\r\n遊戲結束時，得分最高的玩家獲勝！;\r\n等等！先別以為只有這樣！;\r\n遊戲還擁有許多變化性喔，如：名畫神偷進階版、合作模式、新手或幼童版。;\r\n以及其他延伸遊戲，如：\r\n藝術年表遊戲、單人藝術年表遊戲、下注、藝術愛好者、囂張偽畫師、對話，或者將名畫牌運用於教學。;\r\n好好享受《名畫神偷》帶來的樂趣吧！\r\n', '探險裝備, 文物圖鑑', '4-6人', 150, '14+', 3, 1, '2024-06-29 12:00:00', 'Admin', '2024-06-29 12:00:00'),
(4, '夢幻對決', 599, 6, '《心靈迷宮》是一款充滿心理策略的桌遊，玩家們需要在迷宮中運用心機和智慧，找到出口並脫離險境。遊戲過程中，玩家需謹慎思考每一步行動，預測對手的策略，並巧妙利用道具和陷阱。這款遊戲考驗你的心理素質和策略思維，是智力和膽識的雙重挑戰。', '《心靈迷宮》是一款升級版的桌上遊戲，擁有更豐富的遊戲內容和更高的遊戲品質。玩家透過傳遞情報的方式、內容來推測各玩家的陣營，同時想辦法達成獲勝條件：獲得藍色或紅色情報。同時，隱藏在兩隊之中的特工也會為了自己的獲勝，而擾亂戰局......\n ;\n在這個版本中，你可以體驗到更多的遊戲挑戰和更深入的故事情節，帶來更加刺激的遊戲體驗。這個版本的遊戲包含了原版遊戲的所有元素，同時增加了更多的卡牌和模組，並且提供了更多的遊戲規則和策略，讓你在遊戲中能夠更有創意制定策略和玩法。\n;\n除此之外，《心靈迷宮》還提供了更高品質的美術，例如更精美的卡牌和遊戲道具，更豐富的插畫和故事場景，讓你在遊戲中感受到更真實的遊戲世界。不論你是一位遊戲愛好者還是剛開始接觸桌上遊戲的新手，心靈迷宮都能夠帶給你更豐富的遊戲體驗和更多的樂趣。快來體驗這款升級版的桌上遊戲，享受其中帶來的樂趣和挑戰吧！\n', '時間機器, 時空地圖', '2-8人', 100, '10+', 4, 2, '2024-06-29 12:00:00', 'Admin', '2024-06-29 12:00:00'),
(5, '魔法學院', 299, 4, '《魔法學院》是一款經典的角色扮演桌遊，玩家們將進入一個充滿魔法與冒險的幻想世界。每位玩家扮演不同的角色，從勇敢的戰士到神秘的法師，攜手對抗邪惡勢力，探索未知的地下城，尋找寶藏和解開古老的秘密。這款遊戲不僅需要策略和合作，還能激發玩家的想像力和創造力。', '在浩瀚的人類歷史當中，在不同的時期，人們面臨著不同的挑戰。\r\n在石器時代，農業誕生了，人類開始採集更多的自然資源，並且出現簡單的房舍。\r\n人與人間漸漸有了交易行為，文明也逐漸萌發、擴展。\r\n人口的成長，也導致了對高效率狩獵的強烈需求。\r\n\r\n玩家在遊戲中，要試圖去達成所有的挑戰。有許多種策略可以完成這些挑戰，因此每個玩家可以選擇自己擅長的策略，走上不同的路。\r\n找出你自己的策略模式，並看看它是不是能帶你走向勝利的最佳策略﹗\r\n', '各種棋盤和棋子', '4-6人', 60, '6+', 5, 1, '2024-06-29 12:00:00', 'Admin', '2024-06-29 12:00:00'),
(6, '心靈之窗', 1199, 9, '《心靈之窗》是一款刺激的冒險桌遊，玩家們將踏上一座未被發現的神秘島嶼，探索其中的秘密和奇異景觀。遊戲中充滿了未知的危險和驚喜，玩家需要合作解決難題，擊敗島上的怪物，並找出隱藏的寶藏。這款遊戲充滿了冒險精神和團隊合作的樂趣，是冒險愛好者的最佳選擇。', '澎渤大雨中，馬車夫疾駛馬匹越過山嶺，閃電沿著天際劃過，勾勒出惡魔城的輪廓。\r\n任何人都感受到馬車夫想要趕著達目的地的心，因為馬車中的乘客們帶著沈重的表情，他們分屬於兩個最有力的組織，且試圖在趕旅程結束前找出自己的伙伴，他們藉由傳遞神秘信物來得知情報及訊息，且要和同伴在安全的情況下，找到並帶著足夠的目標寶物，方可獲得勝利。\r\n;\r\n這是一款鬥智與心機的多人遊戲，爾虞我詐的線索、亦敵亦友的陷阱，得要用心揣測才能獲得真相！\r\n', '夢境地圖, 心靈成長卡片', '2-4人', 110, '12+', 2, 2, '2024-06-29 12:00:00', 'Admin', '2024-06-29 12:00:00'),
(7, '古墓奇兵', 899, 7, '《古墓奇兵》是一款充滿刺激和挑戰的冒險桌遊，玩家們將化身為古墓探險家，深入未知的古老墓穴，尋找失落的寶藏。遊戲中充滿了各種機關陷阱和神秘生物，玩家需要運用智慧和勇氣，解開古墓中的謎題，並安全帶著寶藏逃離。這款遊戲考驗你的謀略和膽識，是驚險與刺激的完美結合。', '19世紀末，極度繁榮的「霧之都」，成為世界的中心，快速的發展，帶來無窮的財富，也拉大了貧富的差距，造成治安的惡化，邪氣和怨念更是與日俱增。\r\n;\r\n《古墓奇兵》便是以這個光榮與邪惡並存的「霧之都」作為舞台的「生存系陣營遊戲」，描寫了從黑暗中誕生的邪惡存在「暗影」、討伐暗影的國家秘密機關「獵人」，以及休戚與共的霧之都「市民」間的戰鬥。\r\n遊戲開始時，沒有人知道你的真實身分，使用特殊能力以及紙牌效果在地區間移動，盡速找到與你相同陣營的伙伴，打倒對手，共享勝利！\r\n', '星際地圖, 外星生物圖鑑', '2-5人', 95, '10+', 2, 1, '2024-06-29 12:00:00', 'Admin', '2024-06-29 12:00:00'),
(8, '帝國崛起', 1299, 10, '《帝國崛起》是一款策略性極高的桌遊，玩家們將領導各自的帝國，通過戰略部署和資源管理，爭奪領土和權力。遊戲過程中，玩家需要與其他帝國進行外交、貿易和戰爭，以壯大自己的勢力，最終實現帝國的崛起。這款遊戲考驗你的戰略眼光和決策能力，是策略遊戲愛好者的不二之選。', '一款猜忌身份的陣營遊戲。玩家們隨機獲得一個身份，執行亞瑟王派遣的任務，正義方按部就班完成任務的同時，邪惡方會設法讓任務失敗。當任務首次宣告失敗，玩家隨即開始探尋隱藏在他們之中的叛徒，雙方可運用魔法與推理能力，找出異己或混淆視聽，幫助己方陣營通往勝利。\r\n;\r\n《阿瓦隆》的作者Don Eskridge，持續鑽研規則多年，洗鍊了遊戲機制，讓邏輯推理環節更出色，歷經十年，終於踏上全新的里程碑，《帝國崛起》重磅問世！\r\n', '考古工具, 文物目錄', '4-8人', 130, '14+', 3, 2, '2024-06-29 12:00:00', 'Admin', '2024-06-29 12:00:00'),
(9, '卡片收藏家', 1099, 8, '《卡片收藏家》是一款卡牌交換類桌遊，玩家們將扮演卡片收藏家，通過交換和收集不同種類的卡片，完成自己的收藏目標。每張卡片都有其獨特的價值和特性，玩家需要巧妙運用交易策略，與其他玩家進行互動和交換，最終成為最成功的卡片收藏家。這款遊戲既考驗你的交易技巧，又能帶來無限的收藏樂趣。', '【產品說明】\r\n全台最多人玩過的經典遊戲！榮獲2010 Spiel des Jahres 德國年度遊戲大獎以及多款大獎！\r\n用84張精美圖卡說一個詞、一則故事或是一首詩，讓玩家猜測你天馬行空的想像，或是用相似的情境混淆對手。\r\n;\r\n包含計分面阪、跑分標記、投票標記與投票面版都全面升級了，\r\n分數標示相較以往更加直接明瞭；\r\n投票標記與投票面板升級合併成了投票轉盤，在收納與使用比以前更加的方便。\r\n', '城市地圖, 迷霧噴霧', '2-4人', 115, '12+', 3, 1, '2024-06-29 12:00:00', 'Admin', '2024-06-29 12:00:00'),
(10, '心機博弈', 999, 6, '《暗影之謎》是一款充滿挑戰和刺激的派對遊戲，適合大夥兒在聚會時盡情歡笑。玩家們需要完成各種瘋狂有趣的大冒險任務，從體力挑戰到智力測試，無所不包。這款遊戲鼓勵參與者勇敢突破自我，並且在完成任務的過程中享受彼此的互動和默契考驗。快來看看誰是聚會中的冒險王吧！', '這款派對遊戲的美術是由Thomas Ridgewell操刀，也就是無厘頭到備受讚譽的「asdfmovie」作者，在原系列短片中那不可預期的隨機性，與懷疑作者該去看醫生的超展開，都化作遊戲卡牌忠實呈現！\r\n;\r\n遊戲的卡牌分為「藍色」行動卡、「綠色」反擊卡和「紅色」陷阱卡，卡上的能力都圍繞著拿取卡牌或令其他玩家棄掉手牌，玩家需要善用卡牌在一團混戰中取得剛好10張手牌來獲得最終勝利。\r\n行動卡除了能力外也混雜著一些有趣小活動，可能在遊戲中強制大家合照──包括額頭上黏著卡片的那位朋友，或是乾脆強制重啟遊戲讓時空回溯，沒收你的勝利。陷阱卡也藉由「打出卡牌確立目標」、「等待或促使目標達成」最後才觸發效果，將隨機性放在卡牌能力，而不會讓玩家贏或輸得莫名其妙。\r\n;\r\n遊戲中所有卡牌圖面都不重複，簡單可愛的畫風混著作者來自不同維度的魔性幽默，同時也能從這款派對遊戲在KS募資上3800多萬見其實力，推薦給所有煩惱開團破冰遊戲總是千篇一律的主揪……或是唯恐天下不亂只希望世界毀滅的享樂主義者！\r\n', '異次元地圖, 異世界生物圖鑑', '2-5人', 105, '10+', 5, 2, '2024-06-29 12:00:00', 'Admin', '2024-06-29 12:00:00'),
(11, '魔幻大陸', 799, 7, '《魔幻大陸》是一款經典的角色扮演桌遊，在浩瀚的人類歷史當中，在不同的時期，人們面臨著不同的挑戰。玩家在遊戲中，要試圖去達成所有的挑戰。有許多種策略可以完成這些挑戰，因此每個玩家可以選擇自己擅長的策略，走上不同的路。\n找出你自己的策略模式，並看看它是不是能帶你走向勝利的最佳策略﹗', '在浩瀚的人類歷史當中，在不同的時期，人們面臨著不同的挑戰。\r\n在石器時代，農業誕生了，人類開始採集更多的自然資源，並且出現簡單的房舍。\r\n人與人間漸漸有了交易行為，文明也逐漸萌發、擴展。\r\n人口的成長，也導致了對高效率狩獵的強烈需求。\r\n\r\n玩家在遊戲中，要試圖去達成所有的挑戰。有許多種策略可以完成這些挑戰，因此每個玩家可以選擇自己擅長的策略，走上不同的路。\r\n找出你自己的策略模式，並看看它是不是能帶你走向勝利的最佳策略﹗\r\n\r\n', '魔法咒語書, 魔法棋盤', '3-8人', 85, '8+', 5, 1, '2024-06-29 12:00:00', 'Admin', '2024-06-29 12:00:00'),
(12, '心機博弈', 1199, 9, '《心機博弈》是一款充滿謎題和懸疑的桌遊，玩家們將化身為偵探，解開一樁樁神秘案件。透過搜集線索、分析證據和推理，玩家需要找出真相並揪出幕後黑手。這款遊戲考驗你的觀察力、推理能力和團隊合作精神，是喜愛推理小說和電影的玩家們不可錯過的佳作。', '考驗你的注意力、記憶力和膽識——\r\n;\r\n「名畫偵探」由Bruno Faidutti設計，是一款別出心裁的派對遊戲！\r\n每輪中，一名玩家扮演神偷，從美術館展覽中偷取1至3幅畫，隨後在拍賣會中將之脫手。;\r\n而其他玩家扮演偵探，試著在藝術品拍賣會中尋找失竊的畫作，你們能成為高超的偵探嗎？;\r\n在4人以上遊戲時，每名玩家扮演一次神偷；2-3人遊戲時，每名玩家都扮演兩次神偷。;\r\n每輪中，偵探發現被盜的名畫，便獲得分數，未被發現的名畫，則為神偷帶來分數。;\r\n遊戲結束時，得分最高的玩家獲勝！;\r\n等等！先別以為只有這樣！;\r\n遊戲還擁有許多變化性喔，如：名畫神偷進階版、合作模式、新手或幼童版。;\r\n以及其他延伸遊戲，如：\r\n藝術年表遊戲、單人藝術年表遊戲、下注、藝術愛好者、囂張偽畫師、對話，或者將名畫牌運用於教學。;\r\n好好享受《名畫神偷》帶來的樂趣吧！\r\n', '潛水器, 海底探測器', '2-4人', 110, '12+', 2, 2, '2024-06-29 12:00:00', 'Admin', '2024-06-29 12:00:00'),
(13, '心靈對決', 599, 7, '《心靈對決》是一款充滿心理策略的桌遊，玩家們需要在迷宮中運用心機和智慧，找到出口並脫離險境。遊戲過程中，玩家需謹慎思考每一步行動，預測對手的策略，並巧妙利用道具和陷阱。這款遊戲考驗你的心理素質和策略思維，是智力和膽識的雙重挑戰。', '《心靈迷宮》是一款升級版的桌上遊戲，擁有更豐富的遊戲內容和更高的遊戲品質。玩家透過傳遞情報的方式、內容來推測各玩家的陣營，同時想辦法達成獲勝條件：獲得藍色或紅色情報。同時，隱藏在兩隊之中的特工也會為了自己的獲勝，而擾亂戰局......\r\n ;\r\n在這個版本中，你可以體驗到更多的遊戲挑戰和更深入的故事情節，帶來更加刺激的遊戲體驗。這個版本的遊戲包含了原版遊戲的所有元素，同時增加了更多的卡牌和模組，並且提供了更多的遊戲規則和策略，讓你在遊戲中能夠更有創意制定策略和玩法。\r\n;\r\n除此之外，《心靈迷宮》還提供了更高品質的美術，例如更精美的卡牌和遊戲道具，更豐富的插畫和故事場景，讓你在遊戲中感受到更真實的遊戲世界。不論你是一位遊戲愛好者還是剛開始接觸桌上遊戲的新手，心靈迷宮都能夠帶給你更豐富的遊戲體驗和更多的樂趣。快來體驗這款升級版的桌上遊戲，享受其中帶來的樂趣和挑戰吧！\r\n', '機器人模型, 科技裝備卡', '2-5人', 95, '10+', 1, 1, '2024-06-29 12:00:00', 'Admin', '2024-06-29 12:00:00'),
(14, '卡牌對決', 1299, 10, '《卡牌對決》是一款經典的角色扮演桌遊，玩家們將進入一個充滿魔法與冒險的幻想世界。每位玩家扮演不同的角色，從勇敢的戰士到神秘的法師，攜手對抗邪惡勢力，探索未知的地下城，尋找寶藏和解開古老的秘密。這款遊戲不僅需要策略和合作，還能激發玩家的想像力和創造力。', '在浩瀚的人類歷史當中，在不同的時期，人們面臨著不同的挑戰。\r\n在石器時代，農業誕生了，人類開始採集更多的自然資源，並且出現簡單的房舍。\r\n人與人間漸漸有了交易行為，文明也逐漸萌發、擴展。\r\n人口的成長，也導致了對高效率狩獵的強烈需求。\r\n\r\n玩家在遊戲中，要試圖去達成所有的挑戰。有許多種策略可以完成這些挑戰，因此每個玩家可以選擇自己擅長的策略，走上不同的路。\r\n找出你自己的策略模式，並看看它是不是能帶你走向勝利的最佳策略﹗\r\n', '星際地圖, 外星生物圖鑑', '2-6人', 120, '14+', 4, 2, '2024-06-29 12:00:00', 'Admin', '2024-06-29 12:00:00'),
(15, '戰略之心', 999, 7, '《戰略之心》是一款刺激的冒險桌遊，玩家們將踏上一座未被發現的神秘島嶼，探索其中的秘密和奇異景觀。遊戲中充滿了未知的危險和驚喜，玩家需要合作解決難題，擊敗島上的怪物，並找出隱藏的寶藏。這款遊戲充滿了冒險精神和團隊合作的樂趣，是冒險愛好者的最佳選擇。', '澎渤大雨中，馬車夫疾駛馬匹越過山嶺，閃電沿著天際劃過，勾勒出惡魔城的輪廓。\r\n任何人都感受到馬車夫想要趕著達目的地的心，因為馬車中的乘客們帶著沈重的表情，他們分屬於兩個最有力的組織，且試圖在趕旅程結束前找出自己的伙伴，他們藉由傳遞神秘信物來得知情報及訊息，且要和同伴在安全的情況下，找到並帶著足夠的目標寶物，方可獲得勝利。\r\n;\r\n這是一款鬥智與心機的多人遊戲，爾虞我詐的線索、亦敵亦友的陷阱，得要用心揣測才能獲得真相！\r\n', '機器人模型, 戰鬥裝備卡', '2-4人', 90, '10+', 5, 1, '2024-06-29 12:00:00', 'Admin', '2024-06-29 12:00:00'),
(16, '王國之戰', 1199, 9, '《王國之戰》是一款充滿刺激和挑戰的冒險桌遊，玩家們將化身為古墓探險家，深入未知的古老墓穴，尋找失落的寶藏。遊戲中充滿了各種機關陷阱和神秘生物，玩家需要運用智慧和勇氣，解開古墓中的謎題，並安全帶著寶藏逃離。這款遊戲考驗你的謀略和膽識，是驚險與刺激的完美結合。', '19世紀末，極度繁榮的「霧之都」，成為世界的中心，快速的發展，帶來無窮的財富，也拉大了貧富的差距，造成治安的惡化，邪氣和怨念更是與日俱增。\r\n;\r\n《古墓奇兵》便是以這個光榮與邪惡並存的「霧之都」作為舞台的「生存系陣營遊戲」，描寫了從黑暗中誕生的邪惡存在「暗影」、討伐暗影的國家秘密機關「獵人」，以及休戚與共的霧之都「市民」間的戰鬥。\r\n遊戲開始時，沒有人知道你的真實身分，使用特殊能力以及紙牌效果在地區間移動，盡速找到與你相同陣營的伙伴，打倒對手，共享勝利！\r\n', '星際地圖, 外星生物圖鑑', '3-6人', 110, '12+', 4, 2, '2024-06-29 12:00:00', 'Admin', '2024-06-29 12:00:00'),
(17, '夢幻對決', 999, 7, '《夢幻對決》是一款策略性極高的桌遊，玩家們將領導各自的帝國，通過戰略部署和資源管理，爭奪領土和權力。遊戲過程中，玩家需要與其他帝國進行外交、貿易和戰爭，以壯大自己的勢力，最終實現帝國的崛起。這款遊戲考驗你的戰略眼光和決策能力，是策略遊戲愛好者的不二之選。', '一款猜忌身份的陣營遊戲。玩家們隨機獲得一個身份，執行亞瑟王派遣的任務，正義方按部就班完成任務的同時，邪惡方會設法讓任務失敗。當任務首次宣告失敗，玩家隨即開始探尋隱藏在他們之中的叛徒，雙方可運用魔法與推理能力，找出異己或混淆視聽，幫助己方陣營通往勝利。\r\n;\r\n《阿瓦隆》的作者Don Eskridge，持續鑽研規則多年，洗鍊了遊戲機制，讓邏輯推理環節更出色，歷經十年，終於踏上全新的里程碑，《帝國崛起》重磅問世！\r\n', '古代寶藏地圖, 考古工具', '2-8人', 100, '10+', 1, 1, '2024-06-29 12:00:00', 'Admin', '2024-06-29 12:00:00'),
(18, '大冒險派對', 1200, 5, '《大冒險派對》是一款充滿挑戰和刺激的派對遊戲，適合大夥兒在聚會時盡情歡笑。玩家們需要完成各種瘋狂有趣的大冒險任務，從體力挑戰到智力測試，無所不包。這款遊戲鼓勵參與者勇敢突破自我，並且在完成任務的過程中享受彼此的互動和默契考驗。快來看看誰是聚會中的冒險王吧！', '這款派對遊戲的美術是由Thomas Ridgewell操刀，也就是無厘頭到備受讚譽的「asdfmovie」作者，在原系列短片中那不可預期的隨機性，與懷疑作者該去看醫生的超展開，都化作遊戲卡牌忠實呈現！\r\n;\r\n遊戲的卡牌分為「藍色」行動卡、「綠色」反擊卡和「紅色」陷阱卡，卡上的能力都圍繞著拿取卡牌或令其他玩家棄掉手牌，玩家需要善用卡牌在一團混戰中取得剛好10張手牌來獲得最終勝利。\r\n行動卡除了能力外也混雜著一些有趣小活動，可能在遊戲中強制大家合照──包括額頭上黏著卡片的那位朋友，或是乾脆強制重啟遊戲讓時空回溯，沒收你的勝利。陷阱卡也藉由「打出卡牌確立目標」、「等待或促使目標達成」最後才觸發效果，將隨機性放在卡牌能力，而不會讓玩家贏或輸得莫名其妙。\r\n;\r\n遊戲中所有卡牌圖面都不重複，簡單可愛的畫風混著作者來自不同維度的魔性幽默，同時也能從這款派對遊戲在KS募資上3800多萬見其實力，推薦給所有煩惱開團破冰遊戲總是千篇一律的主揪……或是唯恐天下不亂只希望世界毀滅的享樂主義者！\r\n', '魔法卡片, 迷宮地圖', '2-4人', 90, '10+', 1, 1, '2024-06-29 12:00:00', 'Admin', '2024-06-29 12:00:00'),
(19, '卡牌對決', 1680, 8, '《卡牌對決》是一款快速反應和機智回答的派對遊戲，考驗你的知識廣度和反應速度。遊戲過程中，玩家需要在短時間內回答各種有趣的問題，從冷知識到腦筋急轉彎，應有盡有。這款遊戲不僅考驗你的知識庫，還能增進朋友之間的互動和默契，是聚會中必不可少的樂趣來源！', '你不眨眼能維持多久呢？\r\n你懶惰指數是多少呢？丟鞋子的話誰能丟最遠？\r\n她去過幾個國家？他談過幾次戀愛？\r\n你們真的互相了解嗎？\r\n;\r\n「認清你的朋友」是一款合作派對遊戲！\r\n每位玩家針對題目寫出自己的答案，輪流猜測自己的數字會「大於」或「小於」其他玩家，依序排出由小到大的順序，最後公開並驗證彼此對彼此的看法，考驗你們之間的熟悉度。\r\n;\r\n那個說我吃最多次速食的是不是該道歉一下？\r\n懶惰？我懶得跟你吵。\r\n友誼的小船說翻就翻，答案有時會跌破你的眼鏡，原來我們這麼不熟！\r\n', '軍事部隊, 科技發展卡', '3-6人', 120, '12+', 2, 2, '2024-06-29 12:00:00', 'Admin', '2024-06-29 12:00:00'),
(20, '王座之爭', 1399, 11, '《王座之爭》是一款充滿謎題和懸疑的桌遊，玩家們將化身為偵探，解開一樁樁神秘案件。透過搜集線索、分析證據和推理，玩家需要找出真相並揪出幕後黑手。這款遊戲考驗你的觀察力、推理能力和團隊合作精神，是喜愛推理小說和電影的玩家們不可錯過的佳作。', '考驗你的注意力、記憶力和膽識——\r\n;\r\n「名畫偵探」由Bruno Faidutti設計，是一款別出心裁的派對遊戲！\r\n每輪中，一名玩家扮演神偷，從美術館展覽中偷取1至3幅畫，隨後在拍賣會中將之脫手。;\r\n而其他玩家扮演偵探，試著在藝術品拍賣會中尋找失竊的畫作，你們能成為高超的偵探嗎？;\r\n在4人以上遊戲時，每名玩家扮演一次神偷；2-3人遊戲時，每名玩家都扮演兩次神偷。;\r\n每輪中，偵探發現被盜的名畫，便獲得分數，未被發現的名畫，則為神偷帶來分數。;\r\n遊戲結束時，得分最高的玩家獲勝！;\r\n等等！先別以為只有這樣！;\r\n遊戲還擁有許多變化性喔，如：名畫神偷進階版、合作模式、新手或幼童版。;\r\n以及其他延伸遊戲，如：\r\n藝術年表遊戲、單人藝術年表遊戲、下注、藝術愛好者、囂張偽畫師、對話，或者將名畫牌運用於教學。;\r\n好好享受《名畫神偷》帶來的樂趣吧！\r\n', '探險裝備, 文物圖鑑', '4-6人', 150, '14+', 3, 1, '2024-06-29 12:00:00', 'Admin', '2024-06-29 12:00:00'),
(21, '心靈之旅', 1350, 6, '《心靈之旅》是一款充滿心理策略的桌遊，玩家們需要在迷宮中運用心機和智慧，找到出口並脫離險境。遊戲過程中，玩家需謹慎思考每一步行動，預測對手的策略，並巧妙利用道具和陷阱。這款遊戲考驗你的心理素質和策略思維，是智力和膽識的雙重挑戰。', '《心靈迷宮》是一款升級版的桌上遊戲，擁有更豐富的遊戲內容和更高的遊戲品質。玩家透過傳遞情報的方式、內容來推測各玩家的陣營，同時想辦法達成獲勝條件：獲得藍色或紅色情報。同時，隱藏在兩隊之中的特工也會為了自己的獲勝，而擾亂戰局......\r\n ;\r\n在這個版本中，你可以體驗到更多的遊戲挑戰和更深入的故事情節，帶來更加刺激的遊戲體驗。這個版本的遊戲包含了原版遊戲的所有元素，同時增加了更多的卡牌和模組，並且提供了更多的遊戲規則和策略，讓你在遊戲中能夠更有創意制定策略和玩法。\r\n;\r\n除此之外，《心靈迷宮》還提供了更高品質的美術，例如更精美的卡牌和遊戲道具，更豐富的插畫和故事場景，讓你在遊戲中感受到更真實的遊戲世界。不論你是一位遊戲愛好者還是剛開始接觸桌上遊戲的新手，心靈迷宮都能夠帶給你更豐富的遊戲體驗和更多的樂趣。快來體驗這款升級版的桌上遊戲，享受其中帶來的樂趣和挑戰吧！\r\n', '時間機器, 時空地圖', '2-8人', 100, '10+', 4, 2, '2024-06-29 12:00:00', 'Admin', '2024-06-29 12:00:00'),
(22, '守護者聯盟', 1500, 4, '《守護者聯盟》是一款經典的角色扮演桌遊，玩家們將進入一個充滿魔法與冒險的幻想世界。每位玩家扮演不同的角色，從勇敢的戰士到神秘的法師，攜手對抗邪惡勢力，探索未知的地下城，尋找寶藏和解開古老的秘密。這款遊戲不僅需要策略和合作，還能激發玩家的想像力和創造力。', '在浩瀚的人類歷史當中，在不同的時期，人們面臨著不同的挑戰。\r\n在石器時代，農業誕生了，人類開始採集更多的自然資源，並且出現簡單的房舍。\r\n人與人間漸漸有了交易行為，文明也逐漸萌發、擴展。\r\n人口的成長，也導致了對高效率狩獵的強烈需求。\r\n\r\n玩家在遊戲中，要試圖去達成所有的挑戰。有許多種策略可以完成這些挑戰，因此每個玩家可以選擇自己擅長的策略，走上不同的路。\r\n找出你自己的策略模式，並看看它是不是能帶你走向勝利的最佳策略﹗\r\n', '各種棋盤和棋子', '4-6人', 90, '6+', 5, 1, '2024-06-29 12:00:00', 'Admin', '2024-06-29 12:00:00'),
(23, '心靈密碼', 1990, 9, '《心靈密碼》是一款刺激的冒險桌遊，玩家們將踏上一座未被發現的神秘島嶼，探索其中的秘密和奇異景觀。遊戲中充滿了未知的危險和驚喜，玩家需要合作解決難題，擊敗島上的怪物，並找出隱藏的寶藏。這款遊戲充滿了冒險精神和團隊合作的樂趣，是冒險愛好者的最佳選擇。', '澎渤大雨中，馬車夫疾駛馬匹越過山嶺，閃電沿著天際劃過，勾勒出惡魔城的輪廓。\r\n任何人都感受到馬車夫想要趕著達目的地的心，因為馬車中的乘客們帶著沈重的表情，他們分屬於兩個最有力的組織，且試圖在趕旅程結束前找出自己的伙伴，他們藉由傳遞神秘信物來得知情報及訊息，且要和同伴在安全的情況下，找到並帶著足夠的目標寶物，方可獲得勝利。\r\n;\r\n這是一款鬥智與心機的多人遊戲，爾虞我詐的線索、亦敵亦友的陷阱，得要用心揣測才能獲得真相！\r\n', '夢境地圖, 心靈成長卡片', '2-4人', 110, '12+', 1, 2, '2024-06-29 12:00:00', 'Admin', '2024-06-29 12:00:00'),
(24, '古墓奇兵', 899, 7, '《古墓奇兵》是一款充滿刺激和挑戰的冒險桌遊，玩家們將化身為古墓探險家，深入未知的古老墓穴，尋找失落的寶藏。遊戲中充滿了各種機關陷阱和神秘生物，玩家需要運用智慧和勇氣，解開古墓中的謎題，並安全帶著寶藏逃離。這款遊戲考驗你的謀略和膽識，是驚險與刺激的完美結合。', '19世紀末，極度繁榮的「霧之都」，成為世界的中心，快速的發展，帶來無窮的財富，也拉大了貧富的差距，造成治安的惡化，邪氣和怨念更是與日俱增。\r\n;\r\n《古墓奇兵》便是以這個光榮與邪惡並存的「霧之都」作為舞台的「生存系陣營遊戲」，描寫了從黑暗中誕生的邪惡存在「暗影」、討伐暗影的國家秘密機關「獵人」，以及休戚與共的霧之都「市民」間的戰鬥。\r\n遊戲開始時，沒有人知道你的真實身分，使用特殊能力以及紙牌效果在地區間移動，盡速找到與你相同陣營的伙伴，打倒對手，共享勝利！\r\n', '星際地圖, 外星生物圖鑑', '2-5人', 95, '10+', 2, 1, '2024-06-29 12:00:00', 'Admin', '2024-06-29 12:00:00'),
(25, '帝國崛起', 1299, 10, '《帝國崛起》是一款策略性極高的桌遊，玩家們將領導各自的帝國，通過戰略部署和資源管理，爭奪領土和權力。遊戲過程中，玩家需要與其他帝國進行外交、貿易和戰爭，以壯大自己的勢力，最終實現帝國的崛起。這款遊戲考驗你的戰略眼光和決策能力，是策略遊戲愛好者的不二之選。', '一款猜忌身份的陣營遊戲。玩家們隨機獲得一個身份，執行亞瑟王派遣的任務，正義方按部就班完成任務的同時，邪惡方會設法讓任務失敗。當任務首次宣告失敗，玩家隨即開始探尋隱藏在他們之中的叛徒，雙方可運用魔法與推理能力，找出異己或混淆視聽，幫助己方陣營通往勝利。\r\n;\r\n《阿瓦隆》的作者Don Eskridge，持續鑽研規則多年，洗鍊了遊戲機制，讓邏輯推理環節更出色，歷經十年，終於踏上全新的里程碑，《帝國崛起》重磅問世！\r\n', '考古工具, 文物目錄', '4-8人', 130, '14+', 3, 2, '2024-06-29 12:00:00', 'Admin', '2024-06-29 12:00:00'),
(26, '卡片收藏家', 1099, 8, '《卡片收藏家》是一款卡牌交換類桌遊，玩家們將扮演卡片收藏家，通過交換和收集不同種類的卡片，完成自己的收藏目標。每張卡片都有其獨特的價值和特性，玩家需要巧妙運用交易策略，與其他玩家進行互動和交換，最終成為最成功的卡片收藏家。這款遊戲既考驗你的交易技巧，又能帶來無限的收藏樂趣。', '【產品說明】\r\n全台最多人玩過的經典遊戲！榮獲2010 Spiel des Jahres 德國年度遊戲大獎以及多款大獎！\r\n用84張精美圖卡說一個詞、一則故事或是一首詩，讓玩家猜測你天馬行空的想像，或是用相似的情境混淆對手。\r\n;\r\n包含計分面阪、跑分標記、投票標記與投票面版都全面升級了，\r\n分數標示相較以往更加直接明瞭；\r\n投票標記與投票面板升級合併成了投票轉盤，在收納與使用比以前更加的方便。\r\n', '城市地圖, 迷霧噴霧', '2-4人', 115, '12+', 1, 1, '2024-06-29 12:00:00', 'Admin', '2024-06-29 12:00:00'),
(27, '先知之眼', 999, 6, '《先知之眼》是一款充滿挑戰和刺激的派對遊戲，適合大夥兒在聚會時盡情歡笑。玩家們需要完成各種瘋狂有趣的大冒險任務，從體力挑戰到智力測試，無所不包。這款遊戲鼓勵參與者勇敢突破自我，並且在完成任務的過程中享受彼此的互動和默契考驗。快來看看誰是聚會中的冒險王吧！', '這款派對遊戲的美術是由Thomas Ridgewell操刀，也就是無厘頭到備受讚譽的「asdfmovie」作者，在原系列短片中那不可預期的隨機性，與懷疑作者該去看醫生的超展開，都化作遊戲卡牌忠實呈現！\r\n;\r\n遊戲的卡牌分為「藍色」行動卡、「綠色」反擊卡和「紅色」陷阱卡，卡上的能力都圍繞著拿取卡牌或令其他玩家棄掉手牌，玩家需要善用卡牌在一團混戰中取得剛好10張手牌來獲得最終勝利。\r\n行動卡除了能力外也混雜著一些有趣小活動，可能在遊戲中強制大家合照──包括額頭上黏著卡片的那位朋友，或是乾脆強制重啟遊戲讓時空回溯，沒收你的勝利。陷阱卡也藉由「打出卡牌確立目標」、「等待或促使目標達成」最後才觸發效果，將隨機性放在卡牌能力，而不會讓玩家贏或輸得莫名其妙。\r\n;\r\n遊戲中所有卡牌圖面都不重複，簡單可愛的畫風混著作者來自不同維度的魔性幽默，同時也能從這款派對遊戲在KS募資上3800多萬見其實力，推薦給所有煩惱開團破冰遊戲總是千篇一律的主揪……或是唯恐天下不亂只希望世界毀滅的享樂主義者！\r\n', '異次元地圖, 異世界生物圖鑑', '2-5人', 105, '10+', 5, 2, '2024-06-29 12:00:00', 'Admin', '2024-06-29 12:00:00'),
(28, '叛亂者', 799, 7, '《叛亂者》是一款經典的角色扮演桌遊，在浩瀚的人類歷史當中，在不同的時期，人們面臨著不同的挑戰。玩家在遊戲中，要試圖去達成所有的挑戰。有許多種策略可以完成這些挑戰，因此每個玩家可以選擇自己擅長的策略，走上不同的路。\n找出你自己的策略模式，並看看它是不是能帶你走向勝利的最佳策略﹗', '在浩瀚的人類歷史當中，在不同的時期，人們面臨著不同的挑戰。\r\n在石器時代，農業誕生了，人類開始採集更多的自然資源，並且出現簡單的房舍。\r\n人與人間漸漸有了交易行為，文明也逐漸萌發、擴展。\r\n人口的成長，也導致了對高效率狩獵的強烈需求。\r\n\r\n玩家在遊戲中，要試圖去達成所有的挑戰。有許多種策略可以完成這些挑戰，因此每個玩家可以選擇自己擅長的策略，走上不同的路。\r\n找出你自己的策略模式，並看看它是不是能帶你走向勝利的最佳策略﹗\r\n\r\n', '魔法咒語書, 魔法棋盤', '3-8人', 85, '8+', 4, 1, '2024-06-29 12:00:00', 'Admin', '2024-06-29 12:00:00'),
(29, '心機博弈', 1199, 9, '《心機博弈》是一款充滿謎題和懸疑的桌遊，玩家們將化身為偵探，解開一樁樁神秘案件。透過搜集線索、分析證據和推理，玩家需要找出真相並揪出幕後黑手。這款遊戲考驗你的觀察力、推理能力和團隊合作精神，是喜愛推理小說和電影的玩家們不可錯過的佳作。', '考驗你的注意力、記憶力和膽識——\r\n;\r\n「名畫偵探」由Bruno Faidutti設計，是一款別出心裁的派對遊戲！\r\n每輪中，一名玩家扮演神偷，從美術館展覽中偷取1至3幅畫，隨後在拍賣會中將之脫手。;\r\n而其他玩家扮演偵探，試著在藝術品拍賣會中尋找失竊的畫作，你們能成為高超的偵探嗎？;\r\n在4人以上遊戲時，每名玩家扮演一次神偷；2-3人遊戲時，每名玩家都扮演兩次神偷。;\r\n每輪中，偵探發現被盜的名畫，便獲得分數，未被發現的名畫，則為神偷帶來分數。;\r\n遊戲結束時，得分最高的玩家獲勝！;\r\n等等！先別以為只有這樣！;\r\n遊戲還擁有許多變化性喔，如：名畫神偷進階版、合作模式、新手或幼童版。;\r\n以及其他延伸遊戲，如：\r\n藝術年表遊戲、單人藝術年表遊戲、下注、藝術愛好者、囂張偽畫師、對話，或者將名畫牌運用於教學。;\r\n好好享受《名畫神偷》帶來的樂趣吧！\r\n', '潛水器, 海底探測器', '2-4人', 110, '12+', 2, 2, '2024-06-29 12:00:00', 'Admin', '2024-06-29 12:00:00'),
(30, '靈魂棋局', 999, 7, '《靈魂棋局》是一款充滿心理策略的桌遊，玩家們需要在迷宮中運用心機和智慧，找到出口並脫離險境。遊戲過程中，玩家需謹慎思考每一步行動，預測對手的策略，並巧妙利用道具和陷阱。這款遊戲考驗你的心理素質和策略思維，是智力和膽識的雙重挑戰。', '《靈魂棋局》是一款升級版的桌上遊戲，擁有更豐富的遊戲內容和更高的遊戲品質。玩家透過傳遞情報的方式、內容來推測各玩家的陣營，同時想辦法達成獲勝條件：獲得藍色或紅色情報。同時，隱藏在兩隊之中的特工也會為了自己的獲勝，而擾亂戰局......\n ;\n在這個版本中，你可以體驗到更多的遊戲挑戰和更深入的故事情節，帶來更加刺激的遊戲體驗。這個版本的遊戲包含了原版遊戲的所有元素，同時增加了更多的卡牌和模組，並且提供了更多的遊戲規則和策略，讓你在遊戲中能夠更有創意制定策略和玩法。\n;\n除此之外，《心靈迷宮》還提供了更高品質的美術，例如更精美的卡牌和遊戲道具，更豐富的插畫和故事場景，讓你在遊戲中感受到更真實的遊戲世界。不論你是一位遊戲愛好者還是剛開始接觸桌上遊戲的新手，心靈迷宮都能夠帶給你更豐富的遊戲體驗和更多的樂趣。快來體驗這款升級版的桌上遊戲，享受其中帶來的樂趣和挑戰吧！\n', '機器人模型, 科技裝備卡', '2-5人', 95, '10+', 1, 1, '2024-06-29 12:00:00', 'Admin', '2024-06-29 12:00:00'),
(31, '卡牌對決', 1299, 10, '《卡牌對決》是一款經典的角色扮演桌遊，玩家們將進入一個充滿魔法與冒險的幻想世界。每位玩家扮演不同的角色，從勇敢的戰士到神秘的法師，攜手對抗邪惡勢力，探索未知的地下城，尋找寶藏和解開古老的秘密。這款遊戲不僅需要策略和合作，還能激發玩家的想像力和創造力。', '在浩瀚的人類歷史當中，在不同的時期，人們面臨著不同的挑戰。\r\n在石器時代，農業誕生了，人類開始採集更多的自然資源，並且出現簡單的房舍。\r\n人與人間漸漸有了交易行為，文明也逐漸萌發、擴展。\r\n人口的成長，也導致了對高效率狩獵的強烈需求。\r\n\r\n玩家在遊戲中，要試圖去達成所有的挑戰。有許多種策略可以完成這些挑戰，因此每個玩家可以選擇自己擅長的策略，走上不同的路。\r\n找出你自己的策略模式，並看看它是不是能帶你走向勝利的最佳策略﹗\r\n', '星際地圖, 外星生物圖鑑', '2-6人', 120, '14+', 4, 2, '2024-06-29 12:00:00', 'Admin', '2024-06-29 12:00:00'),
(32, '靈魂之窗', 2000, 7, '《魔幻大陸》是一款刺激的冒險桌遊，玩家們將踏上一座未被發現的神秘島嶼，探索其中的秘密和奇異景觀。遊戲中充滿了未知的危險和驚喜，玩家需要合作解決難題，擊敗島上的怪物，並找出隱藏的寶藏。這款遊戲充滿了冒險精神和團隊合作的樂趣，是冒險愛好者的最佳選擇。', '澎渤大雨中，馬車夫疾駛馬匹越過山嶺，閃電沿著天際劃過，勾勒出惡魔城的輪廓。\r\n任何人都感受到馬車夫想要趕著達目的地的心，因為馬車中的乘客們帶著沈重的表情，他們分屬於兩個最有力的組織，且試圖在趕旅程結束前找出自己的伙伴，他們藉由傳遞神秘信物來得知情報及訊息，且要和同伴在安全的情況下，找到並帶著足夠的目標寶物，方可獲得勝利。\r\n;\r\n這是一款鬥智與心機的多人遊戲，爾虞我詐的線索、亦敵亦友的陷阱，得要用心揣測才能獲得真相！\r\n', '機器人模型, 戰鬥裝備卡', '2-4人', 90, '10+', 5, 1, '2024-06-29 12:00:00', 'Admin', '2024-06-29 12:00:00'),
(33, '神秘交換會', 1199, 9, '《神秘交換會》是一款充滿刺激和挑戰的冒險桌遊，玩家們將化身為古墓探險家，深入未知的古老墓穴，尋找失落的寶藏。遊戲中充滿了各種機關陷阱和神秘生物，玩家需要運用智慧和勇氣，解開古墓中的謎題，並安全帶著寶藏逃離。這款遊戲考驗你的謀略和膽識，是驚險與刺激的完美結合。', '19世紀末，極度繁榮的「霧之都」，成為世界的中心，快速的發展，帶來無窮的財富，也拉大了貧富的差距，造成治安的惡化，邪氣和怨念更是與日俱增。\r\n;\r\n《古墓奇兵》便是以這個光榮與邪惡並存的「霧之都」作為舞台的「生存系陣營遊戲」，描寫了從黑暗中誕生的邪惡存在「暗影」、討伐暗影的國家秘密機關「獵人」，以及休戚與共的霧之都「市民」間的戰鬥。\r\n遊戲開始時，沒有人知道你的真實身分，使用特殊能力以及紙牌效果在地區間移動，盡速找到與你相同陣營的伙伴，打倒對手，共享勝利！\r\n', '星際地圖, 外星生物圖鑑', '3-6人', 110, '12+', 4, 2, '2024-06-29 12:00:00', 'Admin', '2024-06-29 12:00:00'),
(34, '夢幻對決', 999, 7, '《夢幻對決》是一款策略性極高的桌遊，玩家們將領導各自的帝國，通過戰略部署和資源管理，爭奪領土和權力。遊戲過程中，玩家需要與其他帝國進行外交、貿易和戰爭，以壯大自己的勢力，最終實現帝國的崛起。這款遊戲考驗你的戰略眼光和決策能力，是策略遊戲愛好者的不二之選。', '一款猜忌身份的陣營遊戲。玩家們隨機獲得一個身份，執行亞瑟王派遣的任務，正義方按部就班完成任務的同時，邪惡方會設法讓任務失敗。當任務首次宣告失敗，玩家隨即開始探尋隱藏在他們之中的叛徒，雙方可運用魔法與推理能力，找出異己或混淆視聽，幫助己方陣營通往勝利。\r\n;\r\n《阿瓦隆》的作者Don Eskridge，持續鑽研規則多年，洗鍊了遊戲機制，讓邏輯推理環節更出色，歷經十年，終於踏上全新的里程碑，《帝國崛起》重磅問世！\r\n', '古代寶藏地圖, 考古工具', '2-8人', 100, '10+', 1, 1, '2024-06-29 12:00:00', 'Admin', '2024-06-29 12:00:00'),
(35, '大冒險派對', 1200, 5, '《大冒險派對》是一款充滿挑戰和刺激的派對遊戲，適合大夥兒在聚會時盡情歡笑。玩家們需要完成各種瘋狂有趣的大冒險任務，從體力挑戰到智力測試，無所不包。這款遊戲鼓勵參與者勇敢突破自我，並且在完成任務的過程中享受彼此的互動和默契考驗。快來看看誰是聚會中的冒險王吧！', '這款派對遊戲的美術是由Thomas Ridgewell操刀，也就是無厘頭到備受讚譽的「asdfmovie」作者，在原系列短片中那不可預期的隨機性，與懷疑作者該去看醫生的超展開，都化作遊戲卡牌忠實呈現！\r\n;\r\n遊戲的卡牌分為「藍色」行動卡、「綠色」反擊卡和「紅色」陷阱卡，卡上的能力都圍繞著拿取卡牌或令其他玩家棄掉手牌，玩家需要善用卡牌在一團混戰中取得剛好10張手牌來獲得最終勝利。\r\n行動卡除了能力外也混雜著一些有趣小活動，可能在遊戲中強制大家合照──包括額頭上黏著卡片的那位朋友，或是乾脆強制重啟遊戲讓時空回溯，沒收你的勝利。陷阱卡也藉由「打出卡牌確立目標」、「等待或促使目標達成」最後才觸發效果，將隨機性放在卡牌能力，而不會讓玩家贏或輸得莫名其妙。\r\n;\r\n遊戲中所有卡牌圖面都不重複，簡單可愛的畫風混著作者來自不同維度的魔性幽默，同時也能從這款派對遊戲在KS募資上3800多萬見其實力，推薦給所有煩惱開團破冰遊戲總是千篇一律的主揪……或是唯恐天下不亂只希望世界毀滅的享樂主義者！\r\n', '魔法卡片, 迷宮地圖', '2-4人', 90, '10+', 4, 1, '2024-06-29 12:00:00', 'Admin', '2024-06-29 12:00:00'),
(36, '快問快答', 1099, 8, '《快問快答》是一款快速反應和機智回答的派對遊戲，考驗你的知識廣度和反應速度。遊戲過程中，玩家需要在短時間內回答各種有趣的問題，從冷知識到腦筋急轉彎，應有盡有。這款遊戲不僅考驗你的知識庫，還能增進朋友之間的互動和默契，是聚會中必不可少的樂趣來源！', '你不眨眼能維持多久呢？\r\n你懶惰指數是多少呢？丟鞋子的話誰能丟最遠？\r\n她去過幾個國家？他談過幾次戀愛？\r\n你們真的互相了解嗎？\r\n;\r\n「認清你的朋友」是一款合作派對遊戲！\r\n每位玩家針對題目寫出自己的答案，輪流猜測自己的數字會「大於」或「小於」其他玩家，依序排出由小到大的順序，最後公開並驗證彼此對彼此的看法，考驗你們之間的熟悉度。\r\n;\r\n那個說我吃最多次速食的是不是該道歉一下？\r\n懶惰？我懶得跟你吵。\r\n友誼的小船說翻就翻，答案有時會跌破你的眼鏡，原來我們這麼不熟！\r\n', '軍事部隊, 科技發展卡', '3-6人', 120, '12+', 2, 2, '2024-06-29 12:00:00', 'Admin', '2024-06-29 12:00:00'),
(37, '偵探密室', 1399, 11, '《偵探密室》是一款充滿謎題和懸疑的桌遊，玩家們將化身為偵探，解開一樁樁神秘案件。透過搜集線索、分析證據和推理，玩家需要找出真相並揪出幕後黑手。這款遊戲考驗你的觀察力、推理能力和團隊合作精神，是喜愛推理小說和電影的玩家們不可錯過的佳作。', '考驗你的注意力、記憶力和膽識——\r\n;\r\n「名畫偵探」由Bruno Faidutti設計，是一款別出心裁的派對遊戲！\r\n每輪中，一名玩家扮演神偷，從美術館展覽中偷取1至3幅畫，隨後在拍賣會中將之脫手。;\r\n而其他玩家扮演偵探，試著在藝術品拍賣會中尋找失竊的畫作，你們能成為高超的偵探嗎？;\r\n在4人以上遊戲時，每名玩家扮演一次神偷；2-3人遊戲時，每名玩家都扮演兩次神偷。;\r\n每輪中，偵探發現被盜的名畫，便獲得分數，未被發現的名畫，則為神偷帶來分數。;\r\n遊戲結束時，得分最高的玩家獲勝！;\r\n等等！先別以為只有這樣！;\r\n遊戲還擁有許多變化性喔，如：名畫神偷進階版、合作模式、新手或幼童版。;\r\n以及其他延伸遊戲，如：\r\n藝術年表遊戲、單人藝術年表遊戲、下注、藝術愛好者、囂張偽畫師、對話，或者將名畫牌運用於教學。;\r\n好好享受《名畫神偷》帶來的樂趣吧！\r\n', '探險裝備, 文物圖鑑', '4-6人', 150, '14+', 3, 1, '2024-06-29 12:00:00', 'Admin', '2024-06-29 12:00:00'),
(38, '靈魂探險', 1350, 6, '《心靈迷宮》是一款充滿心理策略的桌遊，玩家們需要在迷宮中運用心機和智慧，找到出口並脫離險境。遊戲過程中，玩家需謹慎思考每一步行動，預測對手的策略，並巧妙利用道具和陷阱。這款遊戲考驗你的心理素質和策略思維，是智力和膽識的雙重挑戰。', '《心靈迷宮》是一款升級版的桌上遊戲，擁有更豐富的遊戲內容和更高的遊戲品質。玩家透過傳遞情報的方式、內容來推測各玩家的陣營，同時想辦法達成獲勝條件：獲得藍色或紅色情報。同時，隱藏在兩隊之中的特工也會為了自己的獲勝，而擾亂戰局......\r\n ;\r\n在這個版本中，你可以體驗到更多的遊戲挑戰和更深入的故事情節，帶來更加刺激的遊戲體驗。這個版本的遊戲包含了原版遊戲的所有元素，同時增加了更多的卡牌和模組，並且提供了更多的遊戲規則和策略，讓你在遊戲中能夠更有創意制定策略和玩法。\r\n;\r\n除此之外，《心靈迷宮》還提供了更高品質的美術，例如更精美的卡牌和遊戲道具，更豐富的插畫和故事場景，讓你在遊戲中感受到更真實的遊戲世界。不論你是一位遊戲愛好者還是剛開始接觸桌上遊戲的新手，心靈迷宮都能夠帶給你更豐富的遊戲體驗和更多的樂趣。快來體驗這款升級版的桌上遊戲，享受其中帶來的樂趣和挑戰吧！\r\n', '時間機器, 時空地圖', '2-8人', 100, '10+', 4, 2, '2024-06-29 12:00:00', 'Admin', '2024-06-29 12:00:00'),
(39, '偵探攻防戰', 1500, 4, '《偵探攻防戰》是一款經典的角色扮演桌遊，玩家們將進入一個充滿魔法與冒險的幻想世界。每位玩家扮演不同的角色，從勇敢的戰士到神秘的法師，攜手對抗邪惡勢力，探索未知的地下城，尋找寶藏和解開古老的秘密。這款遊戲不僅需要策略和合作，還能激發玩家的想像力和創造力。', '在浩瀚的人類歷史當中，在不同的時期，人們面臨著不同的挑戰。\r\n在石器時代，農業誕生了，人類開始採集更多的自然資源，並且出現簡單的房舍。\r\n人與人間漸漸有了交易行為，文明也逐漸萌發、擴展。\r\n人口的成長，也導致了對高效率狩獵的強烈需求。\r\n\r\n玩家在遊戲中，要試圖去達成所有的挑戰。有許多種策略可以完成這些挑戰，因此每個玩家可以選擇自己擅長的策略，走上不同的路。\r\n找出你自己的策略模式，並看看它是不是能帶你走向勝利的最佳策略﹗\r\n', '各種棋盤和棋子', '4-6人', 120, '6+', 5, 1, '2024-06-29 12:00:00', 'Admin', '2024-06-29 12:00:00'),
(40, '神秘島探險', 1800, 9, '《神秘島探險》是一款刺激的冒險桌遊，玩家們將踏上一座未被發現的神秘島嶼，探索其中的秘密和奇異景觀。遊戲中充滿了未知的危險和驚喜，玩家需要合作解決難題，擊敗島上的怪物，並找出隱藏的寶藏。這款遊戲充滿了冒險精神和團隊合作的樂趣，是冒險愛好者的最佳選擇。', '澎渤大雨中，馬車夫疾駛馬匹越過山嶺，閃電沿著天際劃過，勾勒出惡魔城的輪廓。\r\n任何人都感受到馬車夫想要趕著達目的地的心，因為馬車中的乘客們帶著沈重的表情，他們分屬於兩個最有力的組織，且試圖在趕旅程結束前找出自己的伙伴，他們藉由傳遞神秘信物來得知情報及訊息，且要和同伴在安全的情況下，找到並帶著足夠的目標寶物，方可獲得勝利。\r\n;\r\n這是一款鬥智與心機的多人遊戲，爾虞我詐的線索、亦敵亦友的陷阱，得要用心揣測才能獲得真相！\r\n', '夢境地圖, 心靈成長卡片', '2-4人', 110, '12+', 1, 2, '2024-06-29 12:00:00', 'Admin', '2024-06-29 12:00:00'),
(41, '古墓奇兵', 490, 7, '《古墓奇兵》是一款充滿刺激和挑戰的冒險桌遊，玩家們將化身為古墓探險家，深入未知的古老墓穴，尋找失落的寶藏。遊戲中充滿了各種機關陷阱和神秘生物，玩家需要運用智慧和勇氣，解開古墓中的謎題，並安全帶著寶藏逃離。這款遊戲考驗你的謀略和膽識，是驚險與刺激的完美結合。', '19世紀末，極度繁榮的「霧之都」，成為世界的中心，快速的發展，帶來無窮的財富，也拉大了貧富的差距，造成治安的惡化，邪氣和怨念更是與日俱增。\r\n;\r\n《古墓奇兵》便是以這個光榮與邪惡並存的「霧之都」作為舞台的「生存系陣營遊戲」，描寫了從黑暗中誕生的邪惡存在「暗影」、討伐暗影的國家秘密機關「獵人」，以及休戚與共的霧之都「市民」間的戰鬥。\r\n遊戲開始時，沒有人知道你的真實身分，使用特殊能力以及紙牌效果在地區間移動，盡速找到與你相同陣營的伙伴，打倒對手，共享勝利！\r\n', '星際地圖, 外星生物圖鑑', '2-5人', 95, '10+', 2, 1, '2024-06-29 12:00:00', 'Admin', '2024-06-29 12:00:00'),
(42, '帝國崛起', 1299, 10, '《帝國崛起》是一款策略性極高的桌遊，玩家們將領導各自的帝國，通過戰略部署和資源管理，爭奪領土和權力。遊戲過程中，玩家需要與其他帝國進行外交、貿易和戰爭，以壯大自己的勢力，最終實現帝國的崛起。這款遊戲考驗你的戰略眼光和決策能力，是策略遊戲愛好者的不二之選。', '一款猜忌身份的陣營遊戲。玩家們隨機獲得一個身份，執行亞瑟王派遣的任務，正義方按部就班完成任務的同時，邪惡方會設法讓任務失敗。當任務首次宣告失敗，玩家隨即開始探尋隱藏在他們之中的叛徒，雙方可運用魔法與推理能力，找出異己或混淆視聽，幫助己方陣營通往勝利。\r\n;\r\n《阿瓦隆》的作者Don Eskridge，持續鑽研規則多年，洗鍊了遊戲機制，讓邏輯推理環節更出色，歷經十年，終於踏上全新的里程碑，《帝國崛起》重磅問世！\r\n', '考古工具, 文物目錄', '4-8人', 130, '14+', 3, 2, '2024-06-29 12:00:00', 'Admin', '2024-06-29 12:00:00'),
(43, '卡片收藏家', 1099, 8, '《卡片收藏家》是一款卡牌交換類桌遊，玩家們將扮演卡片收藏家，通過交換和收集不同種類的卡片，完成自己的收藏目標。每張卡片都有其獨特的價值和特性，玩家需要巧妙運用交易策略，與其他玩家進行互動和交換，最終成為最成功的卡片收藏家。這款遊戲既考驗你的交易技巧，又能帶來無限的收藏樂趣。', '【產品說明】\r\n全台最多人玩過的經典遊戲！榮獲2010 Spiel des Jahres 德國年度遊戲大獎以及多款大獎！\r\n用84張精美圖卡說一個詞、一則故事或是一首詩，讓玩家猜測你天馬行空的想像，或是用相似的情境混淆對手。\r\n;\r\n包含計分面阪、跑分標記、投票標記與投票面版都全面升級了，\r\n分數標示相較以往更加直接明瞭；\r\n投票標記與投票面板升級合併成了投票轉盤，在收納與使用比以前更加的方便。\r\n', '城市地圖, 迷霧噴霧', '2-4人', 115, '12+', 1, 1, '2024-06-29 12:00:00', 'Admin', '2024-06-29 12:00:00'),
(44, '暗影之謎', 1500, 6, '《暗影之謎》是一款充滿挑戰和刺激的派對遊戲，適合大夥兒在聚會時盡情歡笑。玩家們需要完成各種瘋狂有趣的大冒險任務，從體力挑戰到智力測試，無所不包。這款遊戲鼓勵參與者勇敢突破自我，並且在完成任務的過程中享受彼此的互動和默契考驗。快來看看誰是聚會中的冒險王吧！', '這款派對遊戲的美術是由Thomas Ridgewell操刀，也就是無厘頭到備受讚譽的「asdfmovie」作者，在原系列短片中那不可預期的隨機性，與懷疑作者該去看醫生的超展開，都化作遊戲卡牌忠實呈現！\r\n;\r\n遊戲的卡牌分為「藍色」行動卡、「綠色」反擊卡和「紅色」陷阱卡，卡上的能力都圍繞著拿取卡牌或令其他玩家棄掉手牌，玩家需要善用卡牌在一團混戰中取得剛好10張手牌來獲得最終勝利。\r\n行動卡除了能力外也混雜著一些有趣小活動，可能在遊戲中強制大家合照──包括額頭上黏著卡片的那位朋友，或是乾脆強制重啟遊戲讓時空回溯，沒收你的勝利。陷阱卡也藉由「打出卡牌確立目標」、「等待或促使目標達成」最後才觸發效果，將隨機性放在卡牌能力，而不會讓玩家贏或輸得莫名其妙。\r\n;\r\n遊戲中所有卡牌圖面都不重複，簡單可愛的畫風混著作者來自不同維度的魔性幽默，同時也能從這款派對遊戲在KS募資上3800多萬見其實力，推薦給所有煩惱開團破冰遊戲總是千篇一律的主揪……或是唯恐天下不亂只希望世界毀滅的享樂主義者！\r\n', '異次元地圖, 異世界生物圖鑑', '2-5人', 105, '10+', 5, 2, '2024-06-29 12:00:00', 'Admin', '2024-06-29 12:00:00'),
(45, '石器時代', 799, 7, '《石器時代》是一款經典的角色扮演桌遊，在浩瀚的人類歷史當中，在不同的時期，人們面臨著不同的挑戰。玩家在遊戲中，要試圖去達成所有的挑戰。有許多種策略可以完成這些挑戰，因此每個玩家可以選擇自己擅長的策略，走上不同的路。\n找出你自己的策略模式，並看看它是不是能帶你走向勝利的最佳策略﹗', '在浩瀚的人類歷史當中，在不同的時期，人們面臨著不同的挑戰。\r\n在石器時代，農業誕生了，人類開始採集更多的自然資源，並且出現簡單的房舍。\r\n人與人間漸漸有了交易行為，文明也逐漸萌發、擴展。\r\n人口的成長，也導致了對高效率狩獵的強烈需求。\r\n\r\n玩家在遊戲中，要試圖去達成所有的挑戰。有許多種策略可以完成這些挑戰，因此每個玩家可以選擇自己擅長的策略，走上不同的路。\r\n找出你自己的策略模式，並看看它是不是能帶你走向勝利的最佳策略﹗\r\n\r\n', '魔法咒語書, 魔法棋盤', '3-8人', 85, '8+', 1, 1, '2024-06-29 12:00:00', 'Admin', '2024-06-29 12:00:00'),
(46, '心機博弈', 590, 9, '《心機博弈》是一款充滿謎題和懸疑的桌遊，玩家們將化身為偵探，解開一樁樁神秘案件。透過搜集線索、分析證據和推理，玩家需要找出真相並揪出幕後黑手。這款遊戲考驗你的觀察力、推理能力和團隊合作精神，是喜愛推理小說和電影的玩家們不可錯過的佳作。', '考驗你的注意力、記憶力和膽識——\r\n;\r\n「名畫偵探」由Bruno Faidutti設計，是一款別出心裁的派對遊戲！\r\n每輪中，一名玩家扮演神偷，從美術館展覽中偷取1至3幅畫，隨後在拍賣會中將之脫手。;\r\n而其他玩家扮演偵探，試著在藝術品拍賣會中尋找失竊的畫作，你們能成為高超的偵探嗎？;\r\n在4人以上遊戲時，每名玩家扮演一次神偷；2-3人遊戲時，每名玩家都扮演兩次神偷。;\r\n每輪中，偵探發現被盜的名畫，便獲得分數，未被發現的名畫，則為神偷帶來分數。;\r\n遊戲結束時，得分最高的玩家獲勝！;\r\n等等！先別以為只有這樣！;\r\n遊戲還擁有許多變化性喔，如：名畫神偷進階版、合作模式、新手或幼童版。;\r\n以及其他延伸遊戲，如：\r\n藝術年表遊戲、單人藝術年表遊戲、下注、藝術愛好者、囂張偽畫師、對話，或者將名畫牌運用於教學。;\r\n好好享受《名畫神偷》帶來的樂趣吧！\r\n', '潛水器, 海底探測器', '2-4人', 110, '12+', 2, 2, '2024-06-29 12:00:00', 'Admin', '2024-06-29 12:00:00'),
(47, '思維迷宮', 1650, 7, '《心靈迷宮》是一款充滿心理策略的桌遊，玩家們需要在迷宮中運用心機和智慧，找到出口並脫離險境。遊戲過程中，玩家需謹慎思考每一步行動，預測對手的策略，並巧妙利用道具和陷阱。這款遊戲考驗你的心理素質和策略思維，是智力和膽識的雙重挑戰。', '《心靈迷宮》是一款升級版的桌上遊戲，擁有更豐富的遊戲內容和更高的遊戲品質。玩家透過傳遞情報的方式、內容來推測各玩家的陣營，同時想辦法達成獲勝條件：獲得藍色或紅色情報。同時，隱藏在兩隊之中的特工也會為了自己的獲勝，而擾亂戰局......\r\n ;\r\n在這個版本中，你可以體驗到更多的遊戲挑戰和更深入的故事情節，帶來更加刺激的遊戲體驗。這個版本的遊戲包含了原版遊戲的所有元素，同時增加了更多的卡牌和模組，並且提供了更多的遊戲規則和策略，讓你在遊戲中能夠更有創意制定策略和玩法。\r\n;\r\n除此之外，《心靈迷宮》還提供了更高品質的美術，例如更精美的卡牌和遊戲道具，更豐富的插畫和故事場景，讓你在遊戲中感受到更真實的遊戲世界。不論你是一位遊戲愛好者還是剛開始接觸桌上遊戲的新手，心靈迷宮都能夠帶給你更豐富的遊戲體驗和更多的樂趣。快來體驗這款升級版的桌上遊戲，享受其中帶來的樂趣和挑戰吧！\r\n', '機器人模型, 科技裝備卡', '2-5人', 95, '10+', 1, 1, '2024-06-29 12:00:00', 'Admin', '2024-06-29 12:00:00'),
(48, '卡牌對決', 1299, 10, '《卡牌對決》是一款經典的角色扮演桌遊，玩家們將進入一個充滿魔法與冒險的幻想世界。每位玩家扮演不同的角色，從勇敢的戰士到神秘的法師，攜手對抗邪惡勢力，探索未知的地下城，尋找寶藏和解開古老的秘密。這款遊戲不僅需要策略和合作，還能激發玩家的想像力和創造力。', '在浩瀚的人類歷史當中，在不同的時期，人們面臨著不同的挑戰。\r\n在石器時代，農業誕生了，人類開始採集更多的自然資源，並且出現簡單的房舍。\r\n人與人間漸漸有了交易行為，文明也逐漸萌發、擴展。\r\n人口的成長，也導致了對高效率狩獵的強烈需求。\r\n\r\n玩家在遊戲中，要試圖去達成所有的挑戰。有許多種策略可以完成這些挑戰，因此每個玩家可以選擇自己擅長的策略，走上不同的路。\r\n找出你自己的策略模式，並看看它是不是能帶你走向勝利的最佳策略﹗\r\n', '星際地圖, 外星生物圖鑑', '2-6人', 120, '14+', 4, 2, '2024-06-29 12:00:00', 'Admin', '2024-06-29 12:00:00'),
(49, '魔幻大陸', 2000, 7, '《魔幻大陸》是一款刺激的冒險桌遊，玩家們將踏上一座未被發現的神秘島嶼，探索其中的秘密和奇異景觀。遊戲中充滿了未知的危險和驚喜，玩家需要合作解決難題，擊敗島上的怪物，並找出隱藏的寶藏。這款遊戲充滿了冒險精神和團隊合作的樂趣，是冒險愛好者的最佳選擇。', '澎渤大雨中，馬車夫疾駛馬匹越過山嶺，閃電沿著天際劃過，勾勒出惡魔城的輪廓。\r\n任何人都感受到馬車夫想要趕著達目的地的心，因為馬車中的乘客們帶著沈重的表情，他們分屬於兩個最有力的組織，且試圖在趕旅程結束前找出自己的伙伴，他們藉由傳遞神秘信物來得知情報及訊息，且要和同伴在安全的情況下，找到並帶著足夠的目標寶物，方可獲得勝利。\r\n;\r\n這是一款鬥智與心機的多人遊戲，爾虞我詐的線索、亦敵亦友的陷阱，得要用心揣測才能獲得真相！\r\n', '機器人模型, 戰鬥裝備卡', '2-4人', 90, '10+', 5, 1, '2024-06-29 12:00:00', 'Admin', '2024-06-29 12:00:00'),
(50, '神秘交換會', 460, 9, '《神秘交換會》是一款充滿刺激和挑戰的冒險桌遊，玩家們將化身為古墓探險家，深入未知的古老墓穴，尋找失落的寶藏。遊戲中充滿了各種機關陷阱和神秘生物，玩家需要運用智慧和勇氣，解開古墓中的謎題，並安全帶著寶藏逃離。這款遊戲考驗你的謀略和膽識，是驚險與刺激的完美結合。', '19世紀末，極度繁榮的「霧之都」，成為世界的中心，快速的發展，帶來無窮的財富，也拉大了貧富的差距，造成治安的惡化，邪氣和怨念更是與日俱增。\r\n;\r\n《古墓奇兵》便是以這個光榮與邪惡並存的「霧之都」作為舞台的「生存系陣營遊戲」，描寫了從黑暗中誕生的邪惡存在「暗影」、討伐暗影的國家秘密機關「獵人」，以及休戚與共的霧之都「市民」間的戰鬥。\r\n遊戲開始時，沒有人知道你的真實身分，使用特殊能力以及紙牌效果在地區間移動，盡速找到與你相同陣營的伙伴，打倒對手，共享勝利！\r\n', '星際地圖, 外星生物圖鑑', '3-6人', 110, '12+', 1, 2, '2024-06-29 12:00:00', 'Admin', '2024-06-29 12:00:00'),
(51, '心靈迷宮', 999, 7, '《心靈迷宮》是一款充滿心理策略的桌遊，玩家們需要在迷宮中運用心機和智慧，找到出口並脫離險境。遊戲過程中，玩家需謹慎思考每一步行動，預測對手的策略，並巧妙利用道具和陷阱。這款遊戲考驗你的心理素質和策略思維，是智力和膽識的雙重挑戰。', '《心靈迷宮》是一款升級版的桌上遊戲，擁有更豐富的遊戲內容和更高的遊戲品質。玩家透過傳遞情報的方式、內容來推測各玩家的陣營，同時想辦法達成獲勝條件：獲得藍色或紅色情報。同時，隱藏在兩隊之中的特工也會為了自己的獲勝，而擾亂戰局......\n ;\n在這個版本中，你可以體驗到更多的遊戲挑戰和更深入的故事情節，帶來更加刺激的遊戲體驗。這個版本的遊戲包含了原版遊戲的所有元素，同時增加了更多的卡牌和模組，並且提供了更多的遊戲規則和策略，讓你在遊戲中能夠更有創意制定策略和玩法。\n;\n除此之外，《心靈迷宮》還提供了更高品質的美術，例如更精美的卡牌和遊戲道具，更豐富的插畫和故事場景，讓你在遊戲中感受到更真實的遊戲世界。不論你是一位遊戲愛好者還是剛開始接觸桌上遊戲的新手，心靈迷宮都能夠帶給你更豐富的遊戲體驗和更多的樂趣。快來體驗這款升級版的桌上遊戲，享受其中帶來的樂趣和挑戰吧！\n', '古代寶藏地圖, 考古工具', '2-8人', 100, '10+', 1, 1, '2024-06-29 12:00:00', 'Admin', '2024-06-29 12:00:00');

CREATE TABLE `product_warehousing` (
  `warehousing_id` int NOT NULL,
  `product_id` int DEFAULT NULL,
  `quantity` int DEFAULT NULL,
  `warehousing_person` varchar(255) DEFAULT NULL,
  `warehousing_date` datetime DEFAULT NULL,
  `created_at` datetime DEFAULT NULL,
  `last_modified_by` varchar(255) DEFAULT NULL,
  `last_modified_at` datetime DEFAULT NULL
) ENGINE=InnoDB DEFAULT CHARSET=utf8mb4 COLLATE=utf8mb4_0900_ai_ci;

INSERT INTO `product_warehousing` (`warehousing_id`, `product_id`, `quantity`, `warehousing_person`, `warehousing_date`, `created_at`, `last_modified_by`, `last_modified_at`) VALUES
(1, 2, 90, '周冠霖', '2023-02-26 00:00:00', '2023-02-26 00:00:00', '曾怡萱', '2023-02-26 00:00:00'),
(2, 17, 14, '周宇軒', '2023-10-30 00:00:00', '2023-10-30 00:00:00', '孫柏翰', '2023-10-30 00:00:00'),
(3, 4, 44, '趙怡萱', '2023-10-21 00:00:00', '2023-10-21 00:00:00', '楊冠宇', '2023-10-21 00:00:00'),
(4, 18, 57, '郭宜庭', '2023-01-11 00:00:00', '2023-01-11 00:00:00', '林宇軒', '2023-01-11 00:00:00'),
(5, 8, 10, '程冠廷', '2023-03-11 00:00:00', '2023-03-11 00:00:00', '沈冠霖', '2023-03-11 00:00:00'),
(6, 18, 23, '蕭冠宇', '2023-11-13 00:00:00', '2023-11-13 00:00:00', '彭雅筑', '2023-11-13 00:00:00'),
(7, 18, 4, '唐鈺婷', '2022-02-13 00:00:00', '2022-02-13 00:00:00', '胡怡萱', '2022-02-13 00:00:00'),
(8, 2, 17, '馬詩涵', '2023-07-28 00:00:00', '2023-07-28 00:00:00', '何雅筑', '2023-07-28 00:00:00'),
(9, 6, 98, '劉承翰', '2023-04-25 00:00:00', '2023-04-25 00:00:00', '周冠宇', '2023-04-25 00:00:00'),
(10, 2, 7, '馬宇軒', '2022-07-12 00:00:00', '2022-07-12 00:00:00', '蕭承翰', '2022-07-12 00:00:00'),
(11, 9, 27, '高彥廷', '2023-06-12 00:00:00', '2023-06-12 00:00:00', '謝詩涵', '2023-06-12 00:00:00'),
(12, 3, 2, '徐冠廷', '2023-06-20 00:00:00', '2023-06-20 00:00:00', '馮家豪', '2023-06-20 00:00:00'),
(13, 14, 11, '彭怡君', '2023-07-18 00:00:00', '2023-07-18 00:00:00', '郭彥廷', '2023-07-18 00:00:00'),
(14, 12, 46, '何詩涵', '2022-01-23 00:00:00', '2022-01-23 00:00:00', '馮宇軒', '2022-01-23 00:00:00'),
(15, 7, 82, '胡家瑋', '2022-08-09 00:00:00', '2022-08-09 00:00:00', '彭宗翰', '2022-08-09 00:00:00'),
(16, 4, 34, '鄧郁婷', '2023-08-19 00:00:00', '2023-08-19 00:00:00', '董宜庭', '2023-08-19 00:00:00'),
(17, 14, 46, '楊雅婷', '2022-03-30 00:00:00', '2022-03-30 00:00:00', '李冠廷', '2022-03-30 00:00:00'),
(18, 11, 27, '張冠霖', '2022-08-02 00:00:00', '2022-08-02 00:00:00', '沈怡萱', '2022-08-02 00:00:00'),
(19, 8, 60, '林郁婷', '2023-09-29 00:00:00', '2023-09-29 00:00:00', '韓彥廷', '2023-09-29 00:00:00'),
(20, 15, 94, '馬怡君', '2023-04-15 00:00:00', '2023-04-15 00:00:00', '許雅婷', '2023-04-15 00:00:00'),
(21, 14, 70, '何郁婷', '2022-06-30 00:00:00', '2022-06-30 00:00:00', '陳彥廷', '2022-06-30 00:00:00'),
(22, 10, 6, '楊宇軒', '2022-03-20 00:00:00', '2022-03-20 00:00:00', '曾怡婷', '2022-03-20 00:00:00'),
(23, 14, 50, '羅彥廷', '2023-04-13 00:00:00', '2023-04-13 00:00:00', '何雅婷', '2023-04-13 00:00:00'),
(24, 17, 94, '劉冠宇', '2023-10-11 00:00:00', '2023-10-11 00:00:00', '馮彥廷', '2023-10-11 00:00:00'),
(25, 11, 38, '黃宜庭', '2023-11-12 00:00:00', '2023-11-12 00:00:00', '陳怡君', '2023-11-12 00:00:00'),
(26, 15, 80, '趙宇軒', '2022-06-13 00:00:00', '2022-06-13 00:00:00', '郭佳穎', '2022-06-13 00:00:00'),
(27, 13, 55, '唐雅婷', '2022-03-04 00:00:00', '2022-03-04 00:00:00', '陳雅筑', '2022-03-04 00:00:00'),
(28, 10, 61, '韓承翰', '2022-09-17 00:00:00', '2022-09-17 00:00:00', '蕭佳穎', '2022-09-17 00:00:00'),
(29, 18, 98, '李冠宇', '2022-09-06 00:00:00', '2022-09-06 00:00:00', '韓怡君', '2022-09-06 00:00:00'),
(30, 7, 55, '梁雅筑', '2023-02-04 00:00:00', '2023-02-04 00:00:00', '王佳穎', '2023-02-04 00:00:00'),
(31, 11, 92, '呂家瑋', '2023-03-19 00:00:00', '2023-03-19 00:00:00', '林佳穎', '2023-03-19 00:00:00'),
(32, 11, 51, '唐宗翰', '2022-02-15 00:00:00', '2022-02-15 00:00:00', '陳怡婷', '2022-02-15 00:00:00'),
(33, 4, 59, '郭郁婷', '2023-03-20 00:00:00', '2023-03-20 00:00:00', '曾冠廷', '2023-03-20 00:00:00'),
(34, 3, 68, '宋怡婷', '2023-02-27 00:00:00', '2023-02-27 00:00:00', '趙家豪', '2023-02-27 00:00:00'),
(35, 1, 69, '韓怡萱', '2023-02-09 00:00:00', '2023-02-09 00:00:00', '曹怡君', '2023-02-09 00:00:00'),
(36, 10, 35, '劉家瑋', '2023-05-27 00:00:00', '2023-05-27 00:00:00', '蕭冠宇', '2023-05-27 00:00:00'),
(37, 7, 61, '韓郁婷', '2022-05-07 00:00:00', '2022-05-07 00:00:00', '鄭宜庭', '2022-05-07 00:00:00'),
(38, 3, 34, '董冠霖', '2023-09-03 00:00:00', '2023-09-03 00:00:00', '於怡婷', '2023-09-03 00:00:00'),
(39, 2, 77, '孫郁婷', '2022-08-10 00:00:00', '2022-08-10 00:00:00', '宋怡君', '2022-08-10 00:00:00'),
(40, 14, 34, '何宇軒', '2023-12-14 00:00:00', '2023-12-14 00:00:00', '趙家豪', '2023-12-14 00:00:00'),
(41, 15, 31, '沈鈺婷', '2022-08-28 00:00:00', '2022-08-28 00:00:00', '孫彥廷', '2022-08-28 00:00:00'),
(42, 14, 47, '孫鈺婷', '2022-04-28 00:00:00', '2022-04-28 00:00:00', '宋怡君', '2022-04-28 00:00:00'),
(43, 16, 86, '朱冠廷', '2023-08-06 00:00:00', '2023-08-06 00:00:00', '曹承翰', '2023-08-06 00:00:00'),
(44, 12, 99, '鄧冠宇', '2023-01-14 00:00:00', '2023-01-14 00:00:00', '董佳穎', '2023-01-14 00:00:00'),
(45, 10, 100, '胡詩涵', '2022-05-04 00:00:00', '2022-05-04 00:00:00', '謝宗翰', '2022-05-04 00:00:00'),
(46, 20, 26, '羅冠廷', '2023-06-26 00:00:00', '2023-06-26 00:00:00', '董家豪', '2023-06-26 00:00:00'),
(47, 1, 42, '劉家豪', '2023-12-15 00:00:00', '2023-12-15 00:00:00', '蕭雅筑', '2023-12-15 00:00:00'),
(48, 14, 2, '朱冠廷', '2023-02-06 00:00:00', '2023-02-06 00:00:00', '傅家瑋', '2023-02-06 00:00:00'),
(49, 1, 93, '鄭雅筑', '2023-04-10 00:00:00', '2023-04-10 00:00:00', '李怡婷', '2023-04-10 00:00:00'),
(50, 12, 60, '李雅筑', '2023-11-19 00:00:00', '2023-11-19 00:00:00', '於彥廷', '2023-11-19 00:00:00'),
(51, 2, 20, '曾宗翰', '2023-01-25 00:00:00', '2023-01-25 00:00:00', '鄭冠霖', '2023-01-25 00:00:00'),
(52, 8, 87, '趙怡婷', '2023-12-08 00:00:00', '2023-12-08 00:00:00', '袁承翰', '2023-12-08 00:00:00'),
(53, 15, 92, '宋彥廷', '2023-12-06 00:00:00', '2023-12-06 00:00:00', '鄭怡君', '2023-12-06 00:00:00'),
(54, 4, 89, '彭詩涵', '2023-04-07 00:00:00', '2023-04-07 00:00:00', '羅怡君', '2023-04-07 00:00:00'),
(55, 16, 43, '彭怡萱', '2022-10-09 00:00:00', '2022-10-09 00:00:00', '曹家瑋', '2022-10-09 00:00:00'),
(56, 9, 93, '沈家瑋', '2023-02-10 00:00:00', '2023-02-10 00:00:00', '曹佳穎', '2023-02-10 00:00:00'),
(57, 18, 56, '於家瑋', '2022-07-01 00:00:00', '2022-07-01 00:00:00', '郭雅筑', '2022-07-01 00:00:00'),
(58, 17, 3, '劉冠霖', '2022-01-10 00:00:00', '2022-01-10 00:00:00', '馬宇軒', '2022-01-10 00:00:00'),
(59, 9, 61, '沈冠霖', '2022-09-10 00:00:00', '2022-09-10 00:00:00', '馬郁婷', '2022-09-10 00:00:00'),
(60, 12, 6, '王冠宇', '2023-01-13 00:00:00', '2023-01-13 00:00:00', '朱柏翰', '2023-01-13 00:00:00'),
(61, 4, 10, '謝家豪', '2022-10-20 00:00:00', '2022-10-20 00:00:00', '趙彥廷', '2022-10-20 00:00:00'),
(62, 13, 1, '徐怡萱', '2023-10-21 00:00:00', '2023-10-21 00:00:00', '黃彥廷', '2023-10-21 00:00:00'),
(63, 11, 67, '朱佳穎', '2023-04-12 00:00:00', '2023-04-12 00:00:00', '呂怡婷', '2023-04-12 00:00:00'),
(64, 5, 48, '傅鈺婷', '2023-11-09 00:00:00', '2023-11-09 00:00:00', '鄭郁婷', '2023-11-09 00:00:00'),
(65, 14, 73, '於家瑋', '2023-06-18 00:00:00', '2023-06-18 00:00:00', '何雅婷', '2023-06-18 00:00:00'),
(66, 1, 83, '李鈺婷', '2023-08-21 00:00:00', '2023-08-21 00:00:00', '胡佳穎', '2023-08-21 00:00:00'),
(67, 19, 33, '陳佳穎', '2023-02-12 00:00:00', '2023-02-12 00:00:00', '郭家豪', '2023-02-12 00:00:00'),
(68, 15, 77, '蕭郁婷', '2022-08-06 00:00:00', '2022-08-06 00:00:00', '沈詩涵', '2022-08-06 00:00:00'),
(69, 1, 28, '劉雅筑', '2022-03-20 00:00:00', '2022-03-20 00:00:00', '陳家豪', '2022-03-20 00:00:00'),
(70, 6, 33, '胡宗翰', '2022-06-07 00:00:00', '2022-06-07 00:00:00', '何冠宇', '2022-06-07 00:00:00'),
(71, 10, 21, '楊冠宇', '2023-11-05 00:00:00', '2023-11-05 00:00:00', '董怡君', '2023-11-05 00:00:00'),
(72, 11, 14, '彭怡君', '2022-12-17 00:00:00', '2022-12-17 00:00:00', '楊家豪', '2022-12-17 00:00:00'),
(73, 5, 56, '沈怡萱', '2023-11-07 00:00:00', '2023-11-07 00:00:00', '蕭怡婷', '2023-11-07 00:00:00'),
(74, 18, 25, '呂宇軒', '2022-03-23 00:00:00', '2022-03-23 00:00:00', '林郁婷', '2022-03-23 00:00:00'),
(75, 18, 67, '許冠霖', '2023-07-24 00:00:00', '2023-07-24 00:00:00', '彭宗翰', '2023-07-24 00:00:00'),
(76, 17, 45, '劉雅筑', '2022-12-26 00:00:00', '2022-12-26 00:00:00', '韓郁婷', '2022-12-26 00:00:00'),
(77, 20, 44, '鄧冠廷', '2022-09-08 00:00:00', '2022-09-08 00:00:00', '林彥廷', '2022-09-08 00:00:00'),
(78, 6, 5, '周冠宇', '2022-08-28 00:00:00', '2022-08-28 00:00:00', '梁冠霖', '2022-08-28 00:00:00'),
(79, 8, 32, '陳鈺婷', '2023-08-13 00:00:00', '2023-08-13 00:00:00', '朱宗翰', '2023-08-13 00:00:00'),
(80, 19, 52, '徐雅婷', '2022-12-31 00:00:00', '2022-12-31 00:00:00', '許郁婷', '2022-12-31 00:00:00'),
(81, 15, 43, '馮宗翰', '2022-03-22 00:00:00', '2022-03-22 00:00:00', '吳佳穎', '2022-03-22 00:00:00'),
(82, 10, 1, '周怡萱', '2022-05-18 00:00:00', '2022-05-18 00:00:00', '楊冠廷', '2022-05-18 00:00:00'),
(83, 8, 76, '許宗翰', '2023-04-06 00:00:00', '2023-04-06 00:00:00', '張冠廷', '2023-04-06 00:00:00'),
(84, 18, 11, '馬雅筑', '2022-10-23 00:00:00', '2022-10-23 00:00:00', '林雅婷', '2022-10-23 00:00:00'),
(85, 2, 35, '曾雅婷', '2022-10-29 00:00:00', '2022-10-29 00:00:00', '於佳穎', '2022-10-29 00:00:00'),
(86, 11, 19, '梁佳穎', '2022-06-09 00:00:00', '2022-06-09 00:00:00', '袁家豪', '2022-06-09 00:00:00'),
(87, 7, 87, '張承翰', '2022-12-13 00:00:00', '2022-12-13 00:00:00', '唐雅筑', '2022-12-13 00:00:00'),
(88, 10, 4, '馮承翰', '2023-03-23 00:00:00', '2023-03-23 00:00:00', '郭佳穎', '2023-03-23 00:00:00'),
(89, 14, 80, '許雅筑', '2022-08-17 00:00:00', '2022-08-17 00:00:00', '程鈺婷', '2022-08-17 00:00:00'),
(90, 16, 1, '許家瑋', '2023-06-17 00:00:00', '2023-06-17 00:00:00', '馮柏翰', '2023-06-17 00:00:00'),
(91, 10, 3, '孫郁婷', '2022-09-09 00:00:00', '2022-09-09 00:00:00', '趙冠霖', '2022-09-09 00:00:00'),
(92, 1, 20, '楊郁婷', '2023-01-05 00:00:00', '2023-01-05 00:00:00', '周怡君', '2023-01-05 00:00:00'),
(93, 6, 71, '馮鈺婷', '2022-12-22 00:00:00', '2022-12-22 00:00:00', '程佳穎', '2022-12-22 00:00:00'),
(94, 18, 55, '趙冠宇', '2023-07-19 00:00:00', '2023-07-19 00:00:00', '徐佳穎', '2023-07-19 00:00:00'),
(95, 16, 87, '楊怡萱', '2022-03-09 00:00:00', '2022-03-09 00:00:00', '傅怡婷', '2022-03-09 00:00:00'),
(96, 1, 54, '唐詩涵', '2023-09-16 00:00:00', '2023-09-16 00:00:00', '馮怡婷', '2023-09-16 00:00:00'),
(97, 16, 81, '楊冠霖', '2022-03-20 00:00:00', '2022-03-20 00:00:00', '彭宗翰', '2022-03-20 00:00:00'),
(98, 12, 83, '蕭彥廷', '2022-09-15 00:00:00', '2022-09-15 00:00:00', '馮柏翰', '2022-09-15 00:00:00'),
(99, 9, 47, '徐雅筑', '2023-12-15 00:00:00', '2023-12-15 00:00:00', '謝宇軒', '2023-12-15 00:00:00'),
(100, 18, 31, '馬家瑋', '2022-09-13 00:00:00', '2022-09-13 00:00:00', '王彥廷', '2022-09-13 00:00:00');


ALTER TABLE `favorite_title`
  ADD PRIMARY KEY (`title_id`);

ALTER TABLE `messages`
  ADD PRIMARY KEY (`id`);

ALTER TABLE `product_category`
  ADD PRIMARY KEY (`category_id`);

ALTER TABLE `product_favorites`
  ADD PRIMARY KEY (`favorite_id`),
  ADD KEY `user_id` (`user_id`),
  ADD KEY `product_id` (`fav_product_id`);

ALTER TABLE `product_img`
  ADD PRIMARY KEY (`img_id`);

ALTER TABLE `product_management`
  ADD PRIMARY KEY (`product_id`),
  ADD KEY `category_id` (`category_id`),
  ADD KEY `status` (`status`),
  ADD KEY `product_img` (`product_img`);

ALTER TABLE `product_warehousing`
  ADD PRIMARY KEY (`warehousing_id`),
  ADD KEY `product_id` (`product_id`);


ALTER TABLE `favorite_title`
  MODIFY `title_id` int NOT NULL AUTO_INCREMENT, AUTO_INCREMENT=2;

ALTER TABLE `messages`
  MODIFY `id` int NOT NULL AUTO_INCREMENT, AUTO_INCREMENT=15;

ALTER TABLE `product_favorites`
  MODIFY `favorite_id` int NOT NULL AUTO_INCREMENT, AUTO_INCREMENT=47;
COMMIT;

/*!40101 SET CHARACTER_SET_CLIENT=@OLD_CHARACTER_SET_CLIENT */;
/*!40101 SET CHARACTER_SET_RESULTS=@OLD_CHARACTER_SET_RESULTS */;
/*!40101 SET COLLATION_CONNECTION=@OLD_COLLATION_CONNECTION */;


-- product end






-- theme start



--
-- 資料表結構 `branches`
--

CREATE TABLE `branches` (
  `branch_id` int NOT NULL AUTO_INCREMENT PRIMARY KEY,
  `branch_name` varchar(50) NOT NULL,
  `branch_address` varchar(100) DEFAULT NULL,
  `branch_phone` varchar(20) DEFAULT NULL,
  `open_time` time DEFAULT NULL,
  `close_time` time DEFAULT NULL,
  `branch_status` varchar(20) DEFAULT '營業中',
  `created_at` timestamp NULL DEFAULT CURRENT_TIMESTAMP,
  `last_modified_by` varchar(255) DEFAULT NULL,
  `last_modified_at` timestamp NULL DEFAULT CURRENT_TIMESTAMP ON UPDATE CURRENT_TIMESTAMP
) ENGINE=InnoDB DEFAULT CHARSET=utf8mb4 COLLATE=utf8mb4_0900_ai_ci;

--
-- 傾印資料表的資料 `branches`
--

INSERT INTO `branches` (`branch_id`, `branch_name`, `branch_address`, `branch_phone`, `open_time`, `close_time`, `branch_status`, `created_at`, `last_modified_by`, `last_modified_at`) VALUES
(1, '高雄店', '高雄市三民區建國二路50號2樓', '06-34567890', '09:00:00', '22:00:00', '營業中', '2024-06-25 23:47:10', 'Admin', '2024-07-05 01:49:29'),
(2, '台中店', '台中市北區一中街27號5樓', '04-23456789', '09:00:00', '22:00:00', '營業中', '2024-06-25 23:47:10', 'Admin', '2024-07-05 01:45:24'),
(3, '台北店', '台北市大安區信義路四段5號3樓', '02-12345678', '09:00:00', '22:00:00', '新開幕', '2024-06-25 23:47:10', 'Admin', '2024-07-05 01:47:02');

-- --------------------------------------------------------

--
-- 資料表結構 `branch_themes`
--

CREATE TABLE `branch_themes` (
  `branch_themes_id` int NOT NULL AUTO_INCREMENT PRIMARY KEY,
  `branch_id` int DEFAULT NULL,
  `theme_id` int DEFAULT NULL,
  `feedback_id` int DEFAULT NULL,
  `coupon_type_id` int DEFAULT NULL
) ENGINE=InnoDB DEFAULT CHARSET=utf8mb4 COLLATE=utf8mb4_0900_ai_ci;

--
-- 傾印資料表的資料 `branch_themes`
--

INSERT INTO `branch_themes` (`branch_themes_id`, `branch_id`, `theme_id`, `feedback_id`, `coupon_type_id`) VALUES
(1, 1, 1, 1, 3),
(2, 1, 2, 2, 3),
(3, 1, 3, 3, 3),
(4, 1, 4, 4, 3),
(5, 1, 5, 5, 3),
(6, 1, 6, 6, 3),
(7, 1, 7, 7, 3),
(8, 1, 8, 8, 3),
(9, 1, 9, 9, 3),
(10, 2, 1, 10, 3),
(11, 2, 2, 11, 3),
(12, 2, 3, 12, 3),
(13, 2, 4, 13, 3),
(14, 2, 5, 14, 3),
(15, 2, 6, 15, 3),
(16, 3, 1, 16, 3),
(17, 3, 2, 17, 3),
(18, 3, 3, 18, 3),
(19, 3, 4, 19, 3),
(20, 3, 5, 20, 3),
(21, 3, 6, 21, 3),
(22, 3, 7, 22, 3),
(23, 3, 8, 23, 3),
(24, 3, 9, 24, 3),
(25, 3, 10, 25, 3),
(26, 3, 11, 26, 3),
(27, 3, 12, 27, 3);

-- --------------------------------------------------------
--
-- 資料表結構 `feedback`
--

CREATE TABLE `feedback` (
  `feedback_id` int NOT NULL AUTO_INCREMENT PRIMARY KEY,
  `branch_themes_id` int DEFAULT NULL,
  `storyline` int DEFAULT NULL,
  `puzzle_design` int DEFAULT NULL,
  `atmosphere` int DEFAULT NULL
) ENGINE=InnoDB DEFAULT CHARSET=utf8mb4 COLLATE=utf8mb4_0900_ai_ci;

--
-- 傾印資料表的資料 `feedback`
--

INSERT INTO `feedback` (`feedback_id`, `branch_themes_id`, `storyline`, `puzzle_design`, `atmosphere`) VALUES
(1, 1, 4, 5, 5),
(2, 2, 3, 4, 4),
(3, 3, 5, 5, 5),
(4, 4, 4, 4, 4),
(5, 5, 2, 3, 3),
(6, 6, 3, 4, 3),
(7, 7, 4, 4, 5),
(8, 8, 5, 5, 4),
(9, 9, 3, 4, 3),
(10, 10, 4, 5, 5),
(11, 11, 3, 3, 4),
(12, 12, 4, 4, 4),
(13, 13, 4, 5, 5),
(14, 14, 5, 3, 4),
(15, 15, 5, 4, 5),
(16, 16, 4, 5, 4),
(17, 17, 3, 4, 3),
(18, 18, 5, 5, 4),
(19, 19, 4, 4, 5),
(20, 20, 2, 3, 4),
(21, 21, 3, 4, 5),
(22, 22, 4, 4, 3),
(23, 23, 5, 5, 3),
(24, 24, 3, 4, 5),
(25, 25, 4, 5, 4),
(26, 26, 3, 3, 4),
(27, 27, 4, 3, 4),
(28, 28, 5, 4, 4);

-- --------------------------------------------------------

--
-- 資料表結構 `reservations`
--

CREATE TABLE `reservations` (
  `reservation_id` int NOT NULL AUTO_INCREMENT PRIMARY KEY,
  `user_id` int DEFAULT NULL,
  `branch_themes_id` int DEFAULT NULL,
  `reservation_date` date DEFAULT NULL,
  `session_id` int DEFAULT NULL,
  `participants` int DEFAULT NULL,
  `merchant_trade_no` varchar(255) DEFAULT NULL,
  `trade_no` varchar(100) DEFAULT NULL,
  `rtn_code` int DEFAULT NULL,
  `payment_type` varchar(100) DEFAULT NULL,
  `payment_date` datetime DEFAULT NULL,
  `reservation_status_id` int NOT NULL DEFAULT '1',
  `cancel` int NOT NULL DEFAULT '0',
  `remark` text,
  `last_modified_at` datetime NOT NULL DEFAULT CURRENT_TIMESTAMP,
  `created_at` timestamp NULL DEFAULT CURRENT_TIMESTAMP
) ENGINE=InnoDB DEFAULT CHARSET=utf8mb4 COLLATE=utf8mb4_0900_ai_ci;

--
-- 傾印資料表的資料 `reservations`
--

INSERT INTO `reservations` (`reservation_id`, `user_id`, `branch_themes_id`, `reservation_date`, `session_id`, `participants`, `merchant_trade_no`, `trade_no`, `rtn_code`, `payment_type`, `payment_date`, `reservation_status_id`, `cancel`, `remark`, `last_modified_at`, `created_at`) VALUES
(1, 1, 2, '2024-09-02', 12, 4, NULL, NULL, NULL, NULL, NULL, 1, 0, '我會帶一個7歲的孩子', '2024-07-16 16:32:27', '2024-06-27 19:27:54'),
(2, 11, 23, '2024-09-02', 28, 10, NULL, NULL, NULL, NULL, NULL, 1, 0, NULL, '2024-07-16 16:32:27', '2024-06-27 19:27:54'),
(3, 11, 8, '2024-09-03', 45, 4, NULL, NULL, NULL, NULL, NULL, 1, 0, NULL, '2024-07-16 16:32:27', '2024-06-27 19:27:54'),
(4, 11, 17, '2024-09-04', 33, 6, NULL, NULL, NULL, NULL, NULL, 1, 0, NULL, '2024-07-16 16:32:27', '2024-06-27 19:27:54'),
(5, 5, 16, '2024-09-05', 14, 3, NULL, NULL, NULL, NULL, NULL, 1, 0, NULL, '2024-07-16 16:32:27', '2024-06-27 19:27:54'),
(6, 6, 7, '2024-09-06', 37, 7, NULL, NULL, NULL, NULL, NULL, 1, 0, NULL, '2024-07-16 16:32:27', '2024-06-27 19:27:54'),
(7, 7, 15, '2024-09-07', 26, 6, 'KR1722400662172', '2407311237463623', 1, 'TWQR_OPAY', '2024-07-31 13:07:56', 2, 0, NULL, '2024-07-16 16:32:27', '2024-06-27 19:27:54'),
(8, 8, 22, '2024-09-08', 27, 7, NULL, NULL, NULL, NULL, NULL, 1, 0, NULL, '2024-07-16 16:32:27', '2024-06-27 19:27:54'),
(9, 9, 9, '2024-09-09', 52, 4, NULL, NULL, NULL, NULL, NULL, 1, 0, NULL, '2024-07-16 16:32:27', '2024-06-27 19:27:54'),
(10, 10, 10, '2024-09-10', 56, 2, NULL, NULL, NULL, NULL, NULL, 1, 0, NULL, '2024-07-16 16:32:27', '2024-06-27 19:27:54'),
(11, 1, 23, '2024-09-11', 25, 6, NULL, NULL, NULL, NULL, NULL, 1, 0, NULL, '2024-07-16 16:32:27', '2024-06-27 19:27:54'),
(12, 11, 3, '2024-09-12', 18, 5, NULL, NULL, NULL, NULL, NULL, 1, 0, NULL, '2024-07-16 16:32:27', '2024-06-27 19:27:54'),
(13, 3, 1, '2024-09-13', 3, 4, NULL, NULL, NULL, NULL, NULL, 1, 0, NULL, '2024-07-16 16:32:27', '2024-06-27 19:27:54'),
(14, 4, 8, '2024-09-14', 47, 5, NULL, NULL, NULL, NULL, NULL, 1, 0, NULL, '2024-07-16 16:32:27', '2024-06-27 19:27:54'),
(15, 5, 4, '2024-09-15', 22, 7, NULL, NULL, NULL, NULL, NULL, 1, 0, NULL, '2024-07-16 16:32:27', '2024-06-27 19:27:54'),
(16, 6, 12, '2024-09-16', 70, 6, NULL, NULL, NULL, NULL, NULL, 1, 0, NULL, '2024-07-16 16:32:27', '2024-06-27 19:27:54'),
(17, 7, 5, '2024-09-17', 29, 5, NULL, NULL, NULL, NULL, NULL, 1, 0, NULL, '2024-07-16 16:32:27', '2024-06-27 19:27:54'),
(18, 8, 14, '2024-09-18', 21, 4, NULL, NULL, NULL, NULL, NULL, 1, 0, NULL, '2024-07-16 16:32:27', '2024-06-27 19:27:54'),
(19, 9, 20, '2024-09-19', 2, 5, NULL, NULL, NULL, NULL, NULL, 1, 0, NULL, '2024-07-16 16:32:27', '2024-06-27 19:27:54'),
(20, 13, 2, '2024-09-20', 9, 8, NULL, NULL, NULL, NULL, NULL, 1, 0, NULL, '2024-07-16 16:32:27', '2024-06-27 19:27:54'),
(21, 2, 13, '2024-09-12', 18, 5, 'KR1721187888707', '2407171144491823', 1, 'TWQR_OPAY', '2024-07-17 04:07:57', 1, 0, NULL, '2024-07-17 15:07:22', '2024-06-27 19:27:54'),
(22, 2, 6, '2024-09-04', 33, 6, 'KR1721270554447', NULL, NULL, NULL, NULL, 1, 0, NULL, '2024-07-16 16:32:27', '2024-06-27 19:27:54'),
(23, 2, 18, '2024-09-02', 28, 10, 'KR1721226442053', '2407172227233795', 1, 'TWQR_OPAY', '2024-07-17 15:07:36', 2, 0, NULL, '2024-07-17 15:09:50', '2024-06-27 19:27:54'),
(24, 2, 11, '2024-07-17', 9, 8, NULL, NULL, NULL, NULL, NULL, 1, 0, NULL, '2024-07-17 14:55:35', '2024-06-27 19:27:54'),
(25, 2, 3, '2024-09-05', 14, 3, NULL, NULL, NULL, NULL, NULL, 3, 1, NULL, '2024-07-17 14:50:21', '2024-06-27 19:27:54'),
(26, 2, 3, '2024-05-12', 18, 5, NULL, NULL, NULL, NULL, NULL, 1, 0, NULL, '2024-07-16 16:32:27', '2024-06-27 19:27:54'),
(27, 2, 8, '2024-09-10', 56, 2, 'KR1721188614553', '2407171156551838', 1, 'TWQR_OPAY', '2024-07-17 04:07:05', 1, 0, NULL, '2024-07-17 15:19:39', '2024-06-27 19:27:54'),
(28, 2, 3, '2024-09-15', 28, 10, NULL, NULL, NULL, NULL, NULL, 1, 0, NULL, '2024-07-16 16:32:27', '2024-06-27 19:27:54'),
(29, 6, 2, '2024-08-15', 7, 5, NULL, NULL, NULL, NULL, NULL, 1, 0, NULL, '2024-07-16 16:32:27', '2024-06-27 19:27:54'),
(30, 7, 2, '2024-08-15', 8, 4, NULL, NULL, NULL, NULL, NULL, 1, 0, NULL, '2024-07-16 16:32:27', '2024-06-27 19:27:54'),
(31, 8, 2, '2024-08-15', 9, 4, NULL, NULL, NULL, NULL, NULL, 1, 0, NULL, '2024-07-16 16:32:27', '2024-06-27 19:27:54'),
(32, 9, 2, '2024-08-15', 10, 4, NULL, NULL, NULL, NULL, NULL, 1, 0, NULL, '2024-07-16 16:32:27', '2024-06-27 19:27:54'),
(33, 9, 2, '2024-08-15', 11, 5, NULL, NULL, NULL, NULL, NULL, 1, 0, NULL, '2024-07-16 16:32:27', '2024-06-27 19:27:54'),
(34, 9, 2, '2024-08-15', 12, 5, NULL, NULL, NULL, NULL, NULL, 1, 0, NULL, '2024-07-16 16:32:27', '2024-06-27 19:27:54'),
(35, 14, 9, '2024-07-27', 52, 5, 'KR1721632487125', NULL, NULL, NULL, NULL, 1, 1, '6666', '2024-07-27 02:58:05', '2024-07-22 02:41:49'),
(36, 14, 8, '2024-07-27', 43, 4, NULL, NULL, NULL, NULL, NULL, 1, 0, '6666', '2024-07-22 10:47:47', '2024-07-22 02:47:47'),
(37, 14, 8, '2024-07-26', 43, 4, NULL, NULL, NULL, NULL, NULL, 1, 0, '666', '2024-07-22 10:48:44', '2024-07-22 02:48:44'),
(38, 14, 9, '2024-07-26', 50, 4, NULL, NULL, NULL, NULL, NULL, 1, 0, '666', '2024-07-22 10:54:23', '2024-07-22 02:54:23'),
(39, 14, 7, '2024-07-27', 37, 4, NULL, NULL, NULL, NULL, NULL, 1, 0, '7777', '2024-07-22 10:59:29', '2024-07-22 02:59:29'),
(40, 14, 8, '2024-07-25', 45, 4, NULL, NULL, NULL, NULL, NULL, 1, 0, '˙˙', '2024-07-22 11:05:17', '2024-07-22 03:05:17'),
(41, 14, 4, '2024-07-27', 22, 5, NULL, NULL, NULL, NULL, NULL, 1, 0, '999', '2024-07-22 11:21:51', '2024-07-22 03:21:51'),
(42, 14, 6, '2024-07-25', 33, 2, NULL, NULL, NULL, NULL, NULL, 1, 0, '阿', '2024-07-22 11:26:19', '2024-07-22 03:26:19'),
(43, 14, 3, '2024-07-26', 13, 2, NULL, NULL, NULL, NULL, NULL, 1, 0, '我有一個7歲的小孩', '2024-07-22 11:57:15', '2024-07-22 03:57:15'),
(44, 14, 5, '2024-07-27', 27, 6, NULL, NULL, NULL, NULL, NULL, 1, 0, '', '2024-07-22 12:18:53', '2024-07-22 04:18:53'),
(45, 14, 1, '2024-09-13', 1, 4, NULL, NULL, NULL, NULL, NULL, 1, 1, '666', '2024-07-27 09:22:48', '2024-07-22 07:25:59'),
(46, 14, 3, '2024-07-31', 14, 4, 'KR1722014669099', NULL, NULL, NULL, NULL, 1, 0, '', '2024-07-27 01:23:59', '2024-07-26 17:23:59'),
(47, 14, 1, '2024-07-31', 2, 5, NULL, NULL, NULL, NULL, NULL, 1, 0, '', '2024-07-27 01:57:58', '2024-07-26 17:57:58'),
(48, 14, 12, '2024-07-31', 13, 3, 'KR1722020235374', NULL, NULL, NULL, NULL, 1, 0, '666', '2024-07-27 02:54:39', '2024-07-26 18:54:39'),
(49, 14, 12, '2024-07-31', 15, 2, NULL, NULL, NULL, NULL, NULL, 1, 0, '', '2024-07-27 09:14:15', '2024-07-27 01:14:15'),
(50, 14, 7, '2024-07-31', 37, 3, 'KR1722042979318', NULL, NULL, NULL, NULL, 1, 0, '', '2024-07-27 09:16:14', '2024-07-27 01:16:14'),
(51, 14, 9, '2024-07-31', 50, 6, 'KR1722043286654', NULL, NULL, NULL, NULL, 1, 0, '', '2024-07-27 09:21:15', '2024-07-27 01:21:15'),
(52, 14, 3, '2024-07-31', 15, 2, NULL, NULL, NULL, NULL, NULL, 1, 0, '', '2024-07-27 10:01:49', '2024-07-27 02:01:49'),
(53, 14, 14, '2024-07-31', 26, 6, NULL, NULL, NULL, NULL, NULL, 1, 0, '', '2024-07-27 11:13:05', '2024-07-27 03:13:05'),
(54, 14, 14, '2024-07-31', 27, 5, 'KR1722050150128', NULL, NULL, NULL, NULL, 1, 0, '', '2024-07-27 11:15:48', '2024-07-27 03:15:48'),
(55, 14, 14, '2024-07-31', 28, 6, 'KR1722050448870', NULL, NULL, NULL, NULL, 1, 0, '', '2024-07-27 11:20:30', '2024-07-27 03:20:30'),
(56, 14, 8, '2024-07-31', 43, 2, 'KR1722053094109', NULL, NULL, NULL, NULL, 1, 0, '', '2024-07-27 12:04:52', '2024-07-27 04:04:52'),
(57, 14, 8, '2024-09-02', 44, 3, 'KR1722053369390', NULL, NULL, NULL, NULL, 1, 0, '', '2024-07-27 12:09:27', '2024-07-27 04:09:27'),
(58, 14, 8, '2024-07-30', 44, 3, 'KR1722053411667', NULL, NULL, NULL, NULL, 1, 0, '', '2024-07-27 12:10:10', '2024-07-27 04:10:10'),
(59, 14, 8, '2024-07-31', 44, 3, 'KR1722053570039', NULL, NULL, NULL, NULL, 1, 0, '', '2024-07-27 12:12:48', '2024-07-27 04:12:48'),
(60, 14, 8, '2024-07-31', 45, 3, NULL, NULL, NULL, NULL, NULL, 1, 0, '', '2024-07-27 12:13:41', '2024-07-27 04:13:41'),
(61, 14, 8, '2024-07-31', 46, 3, 'KR1722053684233', NULL, NULL, NULL, NULL, 1, 0, '', '2024-07-27 12:14:43', '2024-07-27 04:14:43'),
(62, 14, 8, '2024-07-31', 42, 2, NULL, NULL, NULL, NULL, NULL, 1, 0, '', '2024-07-27 12:16:19', '2024-07-27 04:16:19'),
(63, 14, 8, '2024-07-29', 43, 4, 'KR1722053827340', NULL, NULL, NULL, NULL, 1, 0, '', '2024-07-27 12:17:05', '2024-07-27 04:17:05'),
(64, 14, 9, '2024-07-31', 52, 5, 'KR1722054234160', NULL, NULL, NULL, NULL, 1, 0, '', '2024-07-27 12:23:52', '2024-07-27 04:23:52'),
(65, 14, 7, '2024-07-28', 37, 3, 'KR1722054293040', NULL, NULL, NULL, NULL, 1, 0, '', '2024-07-27 12:24:51', '2024-07-27 04:24:51'),
(66, 14, 7, '2024-07-31', 39, 4, 'KR1722054339030', NULL, NULL, NULL, NULL, 1, 0, '', '2024-07-27 12:25:37', '2024-07-27 04:25:37'),
(67, 14, 7, '2024-08-31', 37, 5, 'KR1722054420756', NULL, NULL, NULL, NULL, 1, 0, '', '2024-07-27 12:26:58', '2024-07-27 04:26:58'),
(68, 14, 7, '2024-08-30', 38, 5, 'KR1722054469983', NULL, NULL, NULL, NULL, 1, 0, '', '2024-07-27 12:27:48', '2024-07-27 04:27:48'),
(69, 14, 7, '2024-07-31', 38, 5, 'KR1722055182786', NULL, NULL, NULL, NULL, 1, 0, '', '2024-07-27 12:39:40', '2024-07-27 04:39:40'),
(70, 14, 7, '2024-08-01', 38, 5, 'KR1722055394949', NULL, NULL, NULL, NULL, 1, 0, '', '2024-07-27 12:43:13', '2024-07-27 04:43:13'),
(71, 15, 7, '2024-08-01', 37, 5, 'KR1722059895869', NULL, NULL, NULL, NULL, 1, 0, '', '2024-07-27 13:58:12', '2024-07-27 05:58:12'),
(72, 15, 7, '2024-08-02', 37, 4, 'KR1722059939859', NULL, NULL, NULL, NULL, 1, 0, '', '2024-07-27 13:58:58', '2024-07-27 05:58:58'),
(73, 15, 8, '2024-07-30', 42, 2, 'KR1722136661471', NULL, NULL, NULL, NULL, 1, 0, '', '2024-07-28 11:17:27', '2024-07-28 03:17:27'),
(75, 15, 8, '2024-07-30', 45, 2, 'KR1722137454328', NULL, NULL, NULL, NULL, 1, 0, '', '2024-07-28 11:30:47', '2024-07-28 03:30:47'),
(76, 15, 8, '2024-07-30', 43, 3, 'KR1722137706157', NULL, NULL, NULL, NULL, 1, 0, '666', '2024-07-28 11:34:56', '2024-07-28 03:34:56'),
(77, 15, 8, '2024-07-30', 46, 2, 'KR1722137906815', NULL, NULL, NULL, NULL, 1, 0, '', '2024-07-28 11:38:18', '2024-07-28 03:38:18'),
(78, 15, 8, '2024-07-30', 47, 2, 'KR1722138031253', NULL, NULL, NULL, NULL, 1, 0, '', '2024-07-28 11:40:26', '2024-07-28 03:40:26'),
(79, 15, 8, '2024-07-30', 48, 2, 'KR1722138924245', NULL, NULL, NULL, NULL, 1, 0, '', '2024-07-28 11:55:16', '2024-07-28 03:55:16'),
(80, 15, 8, '2024-07-30', 49, 2, 'KR1722144451344', NULL, NULL, NULL, NULL, 1, 0, '', '2024-07-28 13:27:04', '2024-07-28 05:27:04'),
(81, 15, 9, '2024-07-30', 50, 4, NULL, NULL, NULL, NULL, NULL, 1, 0, '', '2024-07-28 13:59:42', '2024-07-28 05:59:42'),
(82, 15, 2, '2024-07-30', 7, 4, 'KR1722146501002', NULL, NULL, NULL, NULL, 1, 0, '', '2024-07-28 14:01:39', '2024-07-28 06:01:39'),
(201, 7, 4, '2024-08-01', 23, 6, 'KR1722359047074', '2407310104072970', 1, 'Credit_CreditCard', '2024-07-31 01:04:42', 2, 0, '', '2024-07-31 00:58:54', '2024-07-30 16:58:54'),
(202, 7, 9, '2024-07-30', 50, 4, NULL, NULL, NULL, NULL, NULL, 1, 0, '', '2024-07-28 13:59:42', '2024-07-28 05:59:42'),
(203, 7, 1, '2024-07-23', 2, 4, 'KR1722359312117', '2407310108322974', 1, 'TWQR_OPAY', '2024-07-23 02:07:42', 2, 0, '', '2024-07-31 01:08:30', '2024-07-30 17:08:30'),
(204, 7, 7, '2024-07-16', 38, 4, 'KR1722359386293', '2407310109462975', 1, 'TWQR_OPAY', '2024-07-16 02:07:58', 2, 0, '', '2024-07-31 01:09:45', '2024-07-30 17:09:45'),
(205, 7, 5, '2024-07-15', 27, 6, 'KR1722359471296', '2407310111112976', 1, 'Credit_CreditCard', '2024-07-15 01:11:35', 2, 0, '', '2024-07-31 01:11:09', '2024-07-30 17:11:09'),
(206, 7, 4, '2024-06-30', 50, 4, NULL, NULL, NULL, NULL, NULL, 3, 1, '', '2024-07-28 13:59:42', '2024-07-28 05:59:42'),
(207, 7, 9, '2024-02-01', 27, 3, 'KR1722359485273', '2407310111102837', 1, 'Credit_CreditCard', '2024-01-30 01:11:35', 2, 0, '', '2024-07-31 01:11:09', '2024-07-30 17:11:09'),
(208, 7, 27, '2024-03-15', 68, 4, 'KR1722359753384', '2407310115532980', 1, 'Credit_CreditCard', '2024-03-12 01:16:15', 2, 0, '', '2024-07-31 01:15:52', '2024-07-30 17:15:52'),
(209, 7, 25, '2024-04-15', 68, 4, 'KR1722359746086', '2407310115521890', 1, 'Credit_CreditCard', '2024-04-02 01:16:15', 2, 0, '', '2024-07-31 01:15:52', '2024-07-30 17:15:52'),
(210, 7, 15, '2024-08-14', 34, 4, NULL, NULL, NULL, NULL, NULL, 1, 0, '', '2024-07-30 19:15:59', '2024-07-30 11:15:59'),
(301, 3, 27, '2024-08-04', 66, 6, 'KR1722322038454', NULL, NULL, NULL, NULL, 1, 0, '', '2024-07-30 14:46:46', '2024-07-30 06:46:46'),
(302, 5, 26, '2024-08-30', 63, 6, 'KR1722323759610', NULL, NULL, NULL, NULL, 1, 0, '', '2024-07-30 15:15:42', '2024-07-30 07:15:42'),
(303, 16, 26, '2024-09-14', 65, 5, 'KR1722323833275', NULL, NULL, NULL, NULL, 1, 0, '', '2024-07-30 15:17:08', '2024-07-30 07:17:08'),
(304, 20, 25, '2024-09-08', 57, 3, NULL, NULL, NULL, NULL, NULL, 1, 0, '', '2024-07-30 15:30:01', '2024-07-30 07:30:01'),
(305, 4, 25, '2024-09-07', 57, 3, NULL, NULL, NULL, NULL, NULL, 1, 0, '', '2024-07-30 15:31:12', '2024-07-30 07:31:12'),
(306, 4, 23, '2024-08-18', 46, 6, 'KR1722321821861', NULL, NULL, NULL, NULL, 1, 0, '', '2024-07-30 14:43:39', '2024-07-30 06:43:39'),
(307, 2, 27, '2024-08-31', 72, 3, NULL, NULL, NULL, NULL, NULL, 1, 0, '', '2024-07-30 15:32:18', '2024-07-30 07:32:18'),
(308, 15, 27, '2024-08-02', 67, 4, NULL, NULL, NULL, NULL, NULL, 1, 0, '', '2024-07-30 15:32:50', '2024-07-30 07:32:50'),
(309, 9, 22, '2024-08-03', 37, 4, NULL, NULL, NULL, NULL, NULL, 1, 0, '', '2024-07-30 15:34:04', '2024-07-30 07:34:04'),
(310, 10, 25, '2024-08-15', 60, 3, NULL, NULL, NULL, NULL, NULL, 1, 0, '', '2024-07-30 15:37:38', '2024-07-30 07:37:38'),
(311, 9, 26, '2024-10-10', 61, 5, NULL, NULL, NULL, NULL, NULL, 1, 0, '', '2024-07-30 15:38:11', '2024-07-30 07:38:11'),
(312, 16, 20, '2024-08-31', 28, 6, NULL, NULL, NULL, NULL, NULL, 1, 0, '', '2024-07-30 15:38:49', '2024-07-30 07:38:49'),
(313, 13, 22, '2024-08-31', 39, 4, NULL, NULL, NULL, NULL, NULL, 1, 0, '', '2024-07-30 15:39:22', '2024-07-30 07:39:22'),
(314, 18, 22, '2024-08-31', 38, 4, NULL, NULL, NULL, NULL, NULL, 1, 0, '', '2024-07-30 15:40:02', '2024-07-30 07:40:02'),
(315, 5, 24, '2024-08-17', 51, 5, NULL, NULL, NULL, NULL, NULL, 1, 0, '', '2024-07-30 15:40:44', '2024-07-30 07:40:44'),
(316, 3, 21, '2024-09-06', 33, 3, NULL, NULL, NULL, NULL, NULL, 1, 0, '', '2024-07-30 15:41:16', '2024-07-30 07:41:16'),
(317, 9, 26, '2024-09-06', 62, 3, NULL, NULL, NULL, NULL, NULL, 1, 0, '', '2024-07-30 15:41:57', '2024-07-30 07:41:57'),
(318, 13, 8, '2024-08-10', 43, 5, NULL, NULL, NULL, NULL, NULL, 1, 0, '', '2024-07-30 19:01:33', '2024-07-30 11:01:33'),
(319, 16, 8, '2024-08-10', 47, 5, NULL, NULL, NULL, NULL, NULL, 1, 0, '', '2024-07-30 19:01:51', '2024-07-30 11:01:51'),
(320, 8, 3, '2024-08-15', 20, 4, NULL, NULL, NULL, NULL, NULL, 1, 0, '', '2024-07-30 19:03:08', '2024-07-30 11:03:08'),
(321, 19, 3, '2024-08-23', 14, 2, NULL, NULL, NULL, NULL, NULL, 1, 0, '', '2024-07-30 19:03:27', '2024-07-30 11:03:27'),
(322, 10, 3, '2024-08-17', 17, 3, NULL, NULL, NULL, NULL, NULL, 1, 0, '', '2024-07-30 19:03:46', '2024-07-30 11:03:46'),
(323, 17, 4, '2024-08-10', 21, 7, NULL, NULL, NULL, NULL, NULL, 1, 0, '', '2024-07-30 19:04:27', '2024-07-30 11:04:27'),
(324, 17, 4, '2024-08-09', 23, 6, NULL, NULL, NULL, NULL, NULL, 1, 0, '', '2024-07-30 19:04:52', '2024-07-30 11:04:52'),
(325, 3, 4, '2024-08-23', 22, 6, NULL, NULL, NULL, NULL, NULL, 1, 0, '', '2024-07-30 19:05:35', '2024-07-30 11:05:35'),
(326, 5, 3, '2024-08-29', 20, 4, NULL, NULL, NULL, NULL, NULL, 1, 0, '', '2024-07-30 19:06:26', '2024-07-30 11:06:26'),
(327, 3, 3, '2024-10-10', 14, 4, NULL, NULL, NULL, NULL, NULL, 1, 0, '', '2024-07-30 19:06:52', '2024-07-30 11:06:52'),
(328, 13, 2, '2024-08-23', 9, 5, NULL, NULL, NULL, NULL, NULL, 1, 0, '', '2024-07-30 19:07:32', '2024-07-30 11:07:32'),
(329, 16, 2, '2024-09-13', 8, 6, NULL, NULL, NULL, NULL, NULL, 1, 0, '', '2024-07-30 19:07:47', '2024-07-30 11:07:47'),
(330, 19, 4, '2024-09-20', 23, 4, NULL, NULL, NULL, NULL, NULL, 1, 0, '', '2024-07-30 19:08:28', '2024-07-30 11:08:28'),
(331, 10, 4, '2024-08-27', 25, 6, NULL, NULL, NULL, NULL, NULL, 1, 0, '', '2024-07-30 19:09:18', '2024-07-30 11:09:18'),
(332, 20, 5, '2024-08-23', 28, 6, NULL, NULL, NULL, NULL, NULL, 1, 0, '', '2024-07-30 19:09:42', '2024-07-30 11:09:42'),
(333, 20, 14, '2024-08-09', 27, 6, NULL, NULL, NULL, NULL, NULL, 1, 0, '', '2024-07-30 19:10:26', '2024-07-30 11:10:26'),
(334, 20, 14, '2024-08-09', 29, 6, NULL, NULL, NULL, NULL, NULL, 1, 0, '', '2024-07-30 19:10:40', '2024-07-30 11:10:40'),
(335, 19, 14, '2024-08-09', 30, 7, NULL, NULL, NULL, NULL, NULL, 1, 0, '', '2024-07-30 19:10:57', '2024-07-30 11:10:57'),
(336, 18, 14, '2024-08-23', 28, 6, NULL, NULL, NULL, NULL, NULL, 1, 0, '', '2024-07-30 19:11:14', '2024-07-30 11:11:14'),
(337, 17, 14, '2024-09-09', 27, 7, NULL, NULL, NULL, NULL, NULL, 1, 0, '', '2024-07-30 19:11:33', '2024-07-30 11:11:33'),
(338, 9, 14, '2024-09-07', 30, 10, NULL, NULL, NULL, NULL, NULL, 1, 0, '', '2024-07-30 19:11:57', '2024-07-30 11:11:57'),
(339, 4, 12, '2024-08-16', 14, 4, NULL, NULL, NULL, NULL, NULL, 1, 0, '', '2024-07-30 19:12:24', '2024-07-30 11:12:24'),
(340, 5, 12, '2024-08-13', 20, 4, NULL, NULL, NULL, NULL, NULL, 1, 0, '', '2024-07-30 19:12:45', '2024-07-30 11:12:45'),
(341, 10, 12, '2024-08-24', 15, 3, NULL, NULL, NULL, NULL, NULL, 1, 0, '', '2024-07-30 19:13:22', '2024-07-30 11:13:22'),
(342, 10, 13, '2024-10-25', 23, 5, NULL, NULL, NULL, NULL, NULL, 1, 0, '', '2024-07-30 19:13:48', '2024-07-30 11:13:48'),
(343, 9, 13, '2024-09-06', 22, 5, NULL, NULL, NULL, NULL, NULL, 1, 0, '', '2024-07-30 19:14:14', '2024-07-30 11:14:14'),
(344, 13, 12, '2024-09-13', 14, 4, NULL, NULL, NULL, NULL, NULL, 1, 0, '', '2024-07-30 19:14:41', '2024-07-30 11:14:41'),
(345, 2, 15, '2024-08-23', 33, 4, NULL, NULL, NULL, NULL, NULL, 1, 0, '', '2024-07-30 19:15:17', '2024-07-30 11:15:17'),
(346, 3, 15, '2024-09-13', 33, 4, NULL, NULL, NULL, NULL, NULL, 1, 0, '', '2024-07-30 19:15:35', '2024-07-30 11:15:35'),
(347, 7, 15, '2024-08-14', 34, 4, NULL, NULL, NULL, NULL, NULL, 1, 0, '', '2024-07-30 19:15:59', '2024-07-30 11:15:59'),
(348, 6, 14, '2024-10-11', 28, 6, NULL, NULL, NULL, NULL, NULL, 1, 0, '', '2024-07-30 19:16:26', '2024-07-30 11:16:26'),
(349, 5, 14, '2024-09-20', 27, 6, NULL, NULL, NULL, NULL, NULL, 1, 0, '', '2024-07-30 19:16:42', '2024-07-30 11:16:42'),
(350, 4, 14, '2024-10-10', 29, 7, NULL, NULL, NULL, NULL, NULL, 1, 0, '', '2024-07-30 19:17:05', '2024-07-30 11:17:05'),
(351, 3, 10, '2024-08-19', 6, 5, NULL, NULL, NULL, NULL, NULL, 1, 0, '', '2024-07-30 19:17:34', '2024-07-30 11:17:34'),
(352, 11, 25, '2024-08-16', 56, 3, NULL, NULL, NULL, NULL, NULL, 1, 0, '', '2024-07-31 22:02:20', '2024-07-31 14:02:20'),
(353, 11, 25, '2024-08-07', 55, 3, NULL, NULL, NULL, NULL, NULL, 1, 0, '666', '2024-08-01 08:11:31', '2024-08-01 00:11:31'),
(354, 11, 25, '2024-08-12', 55, 2, NULL, NULL, NULL, NULL, NULL, 1, 0, '555', '2024-08-01 08:12:05', '2024-08-01 00:12:05'),
(355, 7, 25, '2024-08-12', 55, 3, NULL, NULL, NULL, NULL, NULL, 1, 0, '', '2024-08-01 08:12:47', '2024-08-01 00:12:47'),
(356, 7, 25, '2024-08-20', 55, 3, NULL, NULL, NULL, NULL, NULL, 1, 0, '', '2024-08-01 08:13:05', '2024-08-01 00:13:05'),
(357, 7, 25, '2024-08-09', 56, 4, NULL, NULL, NULL, NULL, NULL, 1, 0, '', '2024-08-01 08:13:19', '2024-08-01 00:13:19'),
(358, 7, 25, '2024-08-04', 55, 2, NULL, NULL, NULL, NULL, NULL, 1, 0, '', '2024-08-01 08:13:36', '2024-08-01 00:13:36'),
(359, 7, 25, '2024-08-03', 55, 2, NULL, NULL, NULL, NULL, NULL, 1, 0, '', '2024-08-01 08:14:11', '2024-08-01 00:14:11'),
(360, 7, 25, '2024-08-29', 55, 2, NULL, NULL, NULL, NULL, NULL, 1, 0, '', '2024-08-01 08:27:20', '2024-08-01 00:27:20'),
(361, 7, 25, '2024-08-14', 55, 2, NULL, NULL, NULL, NULL, NULL, 1, 0, '', '2024-08-01 08:29:13', '2024-08-01 00:29:13'),
(362, 7, 25, '2024-08-22', 57, 2, NULL, NULL, NULL, NULL, NULL, 1, 0, '', '2024-08-01 08:29:38', '2024-08-01 00:29:38'),
(363, 7, 25, '2024-08-10', 55, 2, NULL, NULL, NULL, NULL, NULL, 1, 0, '', '2024-08-01 08:29:55', '2024-08-01 00:29:55'),
(364, 7, 25, '2024-08-10', 56, 2, NULL, NULL, NULL, NULL, NULL, 1, 0, '', '2024-08-01 08:30:06', '2024-08-01 00:30:06'),
(365, 7, 25, '2024-08-10', 57, 2, NULL, NULL, NULL, NULL, NULL, 1, 0, '', '2024-08-01 08:30:19', '2024-08-01 00:30:19'),
(366, 7, 25, '2024-08-19', 56, 3, NULL, NULL, NULL, NULL, NULL, 1, 0, '', '2024-08-01 08:30:35', '2024-08-01 00:30:35'),
(367, 7, 25, '2024-08-10', 59, 3, NULL, NULL, NULL, NULL, NULL, 1, 0, '', '2024-08-01 08:30:48', '2024-08-01 00:30:48'),
(368, 7, 25, '2024-08-10', 58, 3, NULL, NULL, NULL, NULL, NULL, 1, 0, '', '2024-08-01 08:31:00', '2024-08-01 00:31:00'),
(369, 7, 25, '2024-08-10', 60, 3, NULL, NULL, NULL, NULL, NULL, 1, 0, '', '2024-08-01 08:31:13', '2024-08-01 00:31:13'),
(370, 7, 25, '2024-08-25', 55, 2, NULL, NULL, NULL, NULL, NULL, 1, 0, '', '2024-08-01 08:31:34', '2024-08-01 00:31:34'),
(371, 7, 25, '2024-08-18', 56, 2, NULL, NULL, NULL, NULL, NULL, 1, 0, '', '2024-08-01 08:31:50', '2024-08-01 00:31:50'),
(372, 7, 25, '2024-08-18', 55, 2, NULL, NULL, NULL, NULL, NULL, 1, 0, '', '2024-08-01 08:32:03', '2024-08-01 00:32:03'),
(373, 7, 25, '2024-08-18', 57, 3, NULL, NULL, NULL, NULL, NULL, 1, 0, '', '2024-08-01 08:32:17', '2024-08-01 00:32:17'),
(374, 7, 25, '2024-08-18', 59, 2, NULL, NULL, NULL, NULL, NULL, 1, 0, '', '2024-08-01 08:32:31', '2024-08-01 00:32:31'),
(375, 7, 25, '2024-08-18', 60, 3, NULL, NULL, NULL, NULL, NULL, 1, 0, '', '2024-08-01 08:32:43', '2024-08-01 00:32:43'),
(376, 7, 25, '2024-08-18', 58, 2, NULL, NULL, NULL, NULL, NULL, 1, 0, '', '2024-08-01 08:32:58', '2024-08-01 00:32:58'),
(377, 7, 25, '2024-08-24', 55, 3, NULL, NULL, NULL, NULL, NULL, 1, 0, '', '2024-08-01 08:33:12', '2024-08-01 00:33:12'),
(378, 7, 25, '2024-08-31', 55, 3, NULL, NULL, NULL, NULL, NULL, 1, 0, '', '2024-08-01 08:33:24', '2024-08-01 00:33:24'),
(379, 7, 25, '2024-08-28', 55, 3, NULL, NULL, NULL, NULL, NULL, 1, 0, '', '2024-08-01 08:33:39', '2024-08-01 00:33:39'),
(380, 7, 25, '2024-09-17', 56, 3, NULL, NULL, NULL, NULL, NULL, 1, 0, '', '2024-08-01 08:33:54', '2024-08-01 00:33:54'),
(381, 7, 25, '2024-10-08', 56, 3, NULL, NULL, NULL, NULL, NULL, 1, 0, '', '2024-08-01 08:34:08', '2024-08-01 00:34:08'),
(382, 7, 25, '2024-09-12', 55, 2, NULL, NULL, NULL, NULL, NULL, 1, 0, '', '2024-08-01 08:35:19', '2024-08-01 00:35:19'),
(383, 7, 25, '2024-09-13', 56, 3, NULL, NULL, NULL, NULL, NULL, 1, 0, '', '2024-08-01 08:35:45', '2024-08-01 00:35:45'),
(384, 7, 25, '2024-10-16', 56, 3, NULL, NULL, NULL, NULL, NULL, 1, 0, '', '2024-08-01 08:36:00', '2024-08-01 00:36:00'),
(385, 7, 25, '2024-09-01', 55, 2, NULL, NULL, NULL, NULL, NULL, 1, 0, '', '2024-08-01 08:36:21', '2024-08-01 00:36:21');



CREATE TABLE `reservation_status` (
  `id` int NOT NULL,
  `reservation_status_name` varchar(100) CHARACTER SET utf8mb4 COLLATE utf8mb4_0900_ai_ci NOT NULL
) ENGINE=InnoDB DEFAULT CHARSET=utf8mb4 COLLATE=utf8mb4_0900_ai_ci;

--
-- Dumping data for table `reservation_status`
--

INSERT INTO `reservation_status` (`id`, `reservation_status_name`) VALUES
(1, '待付款'),
(2, '已付款'),
(3, '已取消');

--
-- Indexes for dumped tables
--

--
-- Indexes for table `reservation_status`
--
ALTER TABLE `reservation_status`
  ADD PRIMARY KEY (`id`);

--
-- AUTO_INCREMENT for dumped tables
--

--
-- AUTO_INCREMENT for table `reservation_status`
--
ALTER TABLE `reservation_status`
  MODIFY `id` int NOT NULL AUTO_INCREMENT, AUTO_INCREMENT=4;
COMMIT;




-- --------------------------------------------------------

--
-- 資料表結構 `sessions`
--

CREATE TABLE `sessions` (
  `sessions_id` int NOT NULL AUTO_INCREMENT PRIMARY KEY,
  `theme_id` int DEFAULT NULL,
  `start_time` time DEFAULT NULL,
  `end_time` time DEFAULT NULL,
  `theme_time` int DEFAULT NULL,
  `intervals` int DEFAULT NULL
) ENGINE=InnoDB DEFAULT CHARSET=utf8mb4 COLLATE=utf8mb4_0900_ai_ci;

--
-- 傾印資料表的資料 `sessions`
--

INSERT INTO `sessions` (`sessions_id`, `theme_id`, `start_time`, `end_time`, `theme_time`, `intervals`) VALUES
(1, 1, '09:00:00', '10:30:00', 90, 30),
(2, 1, '11:00:00', '12:30:00', 90, 30),
(3, 1, '13:00:00', '14:30:00', 90, 30),
(4, 1, '15:00:00', '16:30:00', 90, 30),
(5, 1, '17:00:00', '18:30:00', 90, 30),
(6, 1, '19:00:00', '20:30:00', 90, 30),
(7, 2, '09:00:00', '10:30:00', 90, 30),
(8, 2, '11:00:00', '12:30:00', 90, 30),
(9, 2, '13:00:00', '14:30:00', 90, 30),
(10, 2, '15:00:00', '16:30:00', 90, 30),
(11, 2, '17:00:00', '18:30:00', 90, 30),
(12, 2, '19:00:00', '20:30:00', 90, 30),
(13, 3, '09:00:00', '10:00:00', 60, 30),
(14, 3, '10:30:00', '11:30:00', 60, 30),
(15, 3, '12:00:00', '13:00:00', 60, 30),
(16, 3, '13:30:00', '14:30:00', 60, 30),
(17, 3, '15:00:00', '16:00:00', 60, 30),
(18, 3, '16:30:00', '17:30:00', 60, 30),
(19, 3, '18:00:00', '19:00:00', 60, 30),
(20, 3, '19:30:00', '20:30:00', 60, 30),
(21, 4, '09:00:00', '10:30:00', 90, 60),
(22, 4, '11:30:00', '13:00:00', 90, 60),
(23, 4, '14:30:00', '16:00:00', 90, 60),
(24, 4, '17:00:00', '18:30:00', 90, 60),
(25, 4, '19:30:00', '21:00:00', 90, 60),
(26, 5, '09:00:00', '10:30:00', 90, 60),
(27, 5, '11:30:00', '13:00:00', 90, 60),
(28, 5, '14:30:00', '16:00:00', 90, 60),
(29, 5, '17:00:00', '18:30:00', 90, 60),
(30, 5, '19:30:00', '21:00:00', 90, 60),
(31, 6, '09:00:00', '10:00:00', 60, 30),
(32, 6, '10:30:00', '11:30:00', 60, 30),
(33, 6, '12:00:00', '13:00:00', 60, 30),
(34, 6, '13:30:00', '14:30:00', 60, 30),
(35, 6, '15:00:00', '16:00:00', 60, 30),
(36, 6, '16:30:00', '17:30:00', 60, 30),
(37, 7, '09:00:00', '10:30:00', 90, 60),
(38, 7, '11:30:00', '13:00:00', 90, 60),
(39, 7, '14:30:00', '16:00:00', 90, 60),
(40, 7, '17:00:00', '18:30:00', 90, 60),
(41, 7, '19:30:00', '21:00:00', 90, 60),
(42, 8, '09:00:00', '10:00:00', 60, 30),
(43, 8, '10:30:00', '11:30:00', 60, 30),
(44, 8, '12:00:00', '13:00:00', 60, 30),
(45, 8, '13:30:00', '14:30:00', 60, 30),
(46, 8, '15:00:00', '16:00:00', 60, 30),
(47, 8, '16:30:00', '17:30:00', 60, 30),
(48, 8, '18:00:00', '19:00:00', 60, 30),
(49, 8, '19:30:00', '20:30:00', 60, 30),
(50, 9, '09:00:00', '10:30:00', 90, 60),
(51, 9, '11:30:00', '13:00:00', 90, 60),
(52, 9, '14:30:00', '16:00:00', 90, 60),
(53, 9, '17:00:00', '18:30:00', 90, 60),
(54, 9, '19:30:00', '21:00:00', 90, 60),
(55, 10, '09:00:00', '10:30:00', 90, 30),
(56, 10, '11:00:00', '12:30:00', 90, 30),
(57, 10, '13:00:00', '14:30:00', 90, 30),
(58, 10, '15:00:00', '16:30:00', 90, 30),
(59, 10, '17:00:00', '18:30:00', 90, 30),
(60, 10, '19:00:00', '20:30:00', 90, 30),
(61, 11, '09:00:00', '10:30:00', 90, 60),
(62, 11, '11:30:00', '13:00:00', 90, 60),
(63, 11, '14:30:00', '16:00:00', 90, 60),
(64, 11, '17:00:00', '18:30:00', 90, 60),
(65, 11, '19:30:00', '21:00:00', 90, 60),
(66, 12, '09:00:00', '10:00:00', 60, 30),
(67, 12, '10:30:00', '11:30:00', 60, 30),
(68, 12, '12:00:00', '13:00:00', 60, 30),
(69, 12, '13:30:00', '14:30:00', 60, 30),
(70, 12, '15:00:00', '16:00:00', 60, 30),
(71, 12, '16:30:00', '17:30:00', 60, 30),
(72, 12, '18:00:00', '19:00:00', 60, 30),
(73, 12, '19:30:00', '20:30:00', 60, 30);

-- --------------------------------------------------------

--
-- 資料表結構 `themes`
--

CREATE TABLE `themes` (
  `theme_id` int NOT NULL AUTO_INCREMENT PRIMARY KEY,
  `theme_name` varchar(20) NOT NULL,
  `start_time` time DEFAULT NULL,
  `end_time` time DEFAULT NULL,
  `theme_time` int DEFAULT NULL,
  `intervals` int DEFAULT NULL,
  `introduction` varchar(50) DEFAULT NULL,
  `theme_desc` varchar(250) DEFAULT NULL,
  `difficulty` varchar(10) DEFAULT NULL,
  `min_players` int DEFAULT NULL,
  `max_players` int DEFAULT NULL,
  `theme_img` varchar(255) DEFAULT NULL,
  `theme_banner` varchar(255) DEFAULT NULL,
  `price` int DEFAULT NULL,
  `deposit` int DEFAULT NULL,
  `theme_mp4` varchar(255) DEFAULT NULL,
  `bg_music` varchar(255) DEFAULT NULL,
  `created_at` timestamp NULL DEFAULT CURRENT_TIMESTAMP,
  `last_modified_by` varchar(255) DEFAULT NULL,
  `last_modified_at` timestamp NULL DEFAULT CURRENT_TIMESTAMP ON UPDATE CURRENT_TIMESTAMP
) ENGINE=InnoDB DEFAULT CHARSET=utf8mb4 COLLATE=utf8mb4_0900_ai_ci;

--
-- 傾印資料表的資料 `themes`
--

INSERT INTO `themes` (`theme_id`, `theme_name`, `start_time`, `end_time`, `theme_time`, `intervals`, `introduction`, `theme_desc`, `difficulty`, `min_players`, `max_players`, `theme_img`, `theme_banner`, `price`, `deposit`, `theme_mp4`, `bg_music`, `created_at`, `last_modified_by`, `last_modified_at`) VALUES
(1, '倫敦密案', '09:00:00', '22:00:00', 90, 30, '扮演偵探，調查倫敦的一起神秘案件。你需要搜集證據，破解謎題，找出真兇。', '作為一名偵探，你被邀請調查倫敦的一起神秘案件。你需要搜集證據，破解層層謎題，並揭露真兇的身份。在這場智慧與時間的較量中，你能夠揭開真相，成功破案嗎？', 'MEDIUM', 3, 8, 'themes-1.png', 'banner-01.png', 650, 500, '01.mp4', 'music01.mp3', '2024-05-14 22:19:56', NULL, '2024-07-31 03:42:42'),
(2, '太空絕殺', '09:00:00', '22:00:00', 90, 30, '被困在一艘失控的太空飛船上，你需要在有限的時間內破解飛船系統，逃離這場太空絕殺', '你被困在一艘失控的太空飛船上，時間緊迫，危機四伏。你需要在有限的時間內破解飛船系統，避開致命陷阱，並找到逃生艙。在這場太空絕殺中，你能夠成功生還嗎？', 'MEDIUM', 4, 8, 'themes-2.png', 'banner-02.png', 650, 500, '02.mp4', 'music02.mp3', '2024-05-14 22:19:56', NULL, '2024-07-31 03:42:59'),
(3, '寶藏尋秘記', '09:00:00', '22:00:00', 60, 30, '追尋傳說中的寶藏，你將面臨重重考驗。破解古老的密碼，找到隱藏的寶藏', '在追尋傳說中的寶藏時，你發現自己陷入了重重考驗。古老的地圖和神秘的線索引導你穿越險境。解開每個謎題，揭示隱藏的秘密，最終找到傳說中的寶藏。你能完成這次冒險嗎？', 'EASY', 2, 6, 'themes-3.png', 'banner-03.png', 600, 300, '03.mp4', 'music03.mp3', '2024-05-14 22:19:56', NULL, '2024-07-31 03:43:12'),
(4, '古堡謎團', '09:00:00', '22:00:00', 90, 60, '進入一座充滿謎團的古堡，探索其背後的黑暗秘密，揭開歷史的真相，逃出生天', '一座古老的城堡裡隱藏著無數的謎團和秘密。你需要探索每個房間，解開歷史的真相，並揭開古堡背後的黑暗秘密。只有找出所有線索，才能成功逃離這座神秘的古堡。', 'HARD', 4, 10, 'themes-4.png', 'banner-04.png', 750, 600, '04.mp4', 'music04.mp3', '2024-05-14 22:19:56', NULL, '2024-07-31 03:43:25'),
(5, '異形之亂', '09:00:00', '22:00:00', 90, 60, '外星生物入侵，基地陷入混亂。你需要解決謎題，逃離異形的追捕，尋找生還的希望', '外星生物入侵，基地陷入混亂。你需要解決重重謎題，避開異形的追捕，找到安全的避難所。時間緊迫，你能夠在這場異形之亂中找到生還的希望嗎？', 'HARD', 5, 10, 'themes-5.png', 'banner-05.png', 750, 600, '05.mp4', 'music05.mp3', '2024-05-14 22:19:56', NULL, '2024-07-31 03:43:39'),
(6, '廢墟實驗室', '09:00:00', '22:00:00', 60, 30, '在廢棄的實驗室中，揭開被遺棄的實驗秘密，找到安全的出路，逃離這片恐怖的地方', '一個廢棄的實驗室中隱藏著被遺棄的實驗秘密。你需要揭開這些秘密，找到安全的出路，逃離這片恐怖的地方。在這個充滿危險和未知的實驗室中，你能夠找到生存的希望嗎？', 'EASY', 2, 6, 'themes-6.png', 'banner-06.png', 650, 300, '06.mp4', 'music06.mp3', '2024-05-14 22:19:56', NULL, '2024-07-31 03:43:52'),
(7, '迷霧森林', '09:00:00', '22:00:00', 90, 60, '迷失在一片神秘的迷霧森林中，尋找線索，破解謎團，找到離開這片恐怖森林的路徑', '你迷失在一片神秘的迷霧森林中，四周充滿了未知的危險和神秘的生物。你需要尋找線索，破解謎團，找到離開這片恐怖森林的路徑。你的智慧和勇氣將是你唯一的指引。', 'MEDIUM', 3, 7, 'themes-7.png', 'banner-07.png', 600, 500, '07.mp4', 'music07.mp3', '2024-05-14 22:19:56', NULL, '2024-07-31 03:44:23'),
(8, '末日生存戰', '09:00:00', '22:00:00', 60, 30, '核戰後的世界，資源短缺，喪屍橫行。你需要解開謎題，找到生存的路徑，逃離這片廢墟', '核戰後的世界變得荒蕪，資源匱乏，喪屍四處橫行。你被困在一個廢墟中，需要解開層層謎題，找到生存的路徑，並逃離這片危險之地。你能夠克服重重挑戰，活下來嗎？', 'EASY', 2, 6, 'themes-8.png', 'banner-08.png', 600, 300, '08.mp4', 'music08.mp3', '2024-05-14 22:19:56', NULL, '2024-07-31 03:45:15'),
(9, '密室之謎', '09:00:00', '22:00:00', 90, 60, '被困在一間神秘的密室中，解開層層謎題，尋找隱藏的線索，逃脫這個陷阱', '你被困在一間神秘的密室中，四周都是隱藏的機關和謎題。只有找到所有隱藏的線索，解開每個謎題，才能成功逃脫這個陷阱。你的智慧和觀察力將是你唯一的依靠。', 'HARD', 4, 9, 'themes-9.png', 'banner-09.png', 750, 600, '09.mp4', 'music09.mp3', '2024-05-14 22:19:56', NULL, '2024-07-31 03:44:58'),
(10, '稻荷細語', '09:00:00', '22:00:00', 90, 30, '探索古老的稻荷神社，傾聽神秘的細語，解開神秘的故事，找到離開的路', '在一個古老的稻荷神社中，你聽到了神秘的細語。這些細語引導你揭開神社中的秘密和故事。你需要傾聽這些細語，解開其中的謎題，找到離開神社的道路。', 'EASY', 2, 6, 'themes-10.png', 'banner-10.png', 650, 300, '10.mp4', 'music10.mp3', '2024-05-14 22:19:56', NULL, '2024-07-31 03:44:09'),
(11, '花語迷蹤', '09:00:00', '22:00:00', 90, 60, '進入一個充滿花香的秘密花園，解讀花語，破解隱藏的謎題，找到出口', '你進入了一個充滿花香的秘密花園，每朵花都有自己的語言。你需要解讀花語，找到隱藏在花叢中的線索，破解一個個謎題，最終找到通往自由的出口。', 'MEDIUM', 3, 7, 'themes-11.png', 'banner-11.png', 700, 500, '11.mp4', 'music11.mp3', '2024-05-14 22:19:56', NULL, '2024-07-31 03:44:45'),
(12, '魔法禁地', '09:00:00', '22:00:00', 60, 30, '進入被遺忘的魔法禁地，解開古老的咒語和秘密，才能安全離開這片神秘的土地', '你意外闖入了一個被遺忘的魔法禁地，這裡充滿了神秘的咒語和奇異的生物。只有解開古老的魔法謎題，才能找到回家的路。你能破解這些魔法的秘密，安全離開這片神秘的土地嗎？', 'EASY', 2, 6, 'themes-12.png', 'banner-12.png', 650, 300, '12.mp4', 'music12.mp3', '2024-05-14 22:19:56', NULL, '2024-07-31 03:44:33');


--
-- 資料表結構 `user_coupons`
--

CREATE TABLE `user_coupons` (
  `id` int NOT NULL AUTO_INCREMENT PRIMARY KEY,
  `user_id` int NOT NULL,
  `coupon_id` int NOT NULL,
  `reservation_id` int NOT NULL,
  `used_at` datetime NOT NULL DEFAULT CURRENT_TIMESTAMP
) ENGINE=InnoDB DEFAULT CHARSET=utf8mb4 COLLATE=utf8mb4_0900_ai_ci;

--

INSERT INTO `user_coupons` (`id`, `user_id`, `coupon_id`, `reservation_id`, `used_at`) VALUES
(1, 15, 5, 75, '2024-07-28 11:30:47'),
(2, 15, 5, 76, '2024-07-28 11:34:56'),
(3, 15, 5, 77, '2024-07-28 11:38:18'),
(4, 15, 6, 78, '2024-07-28 11:40:26'),
(5, 15, 7, 79, '2024-07-28 11:55:16'),
(6, 15, 5, 82, '2024-07-28 14:01:39');





-- theme end






-- order start


-- phpMyAdmin SQL Dump
-- version 5.2.1
-- https://www.phpmyadmin.net/
--
-- Host: 127.0.0.1
-- Generation Time: Jul 29, 2024 at 09:14 AM
-- Server version: 8.0.37
-- PHP Version: 8.2.4

SET SQL_MODE = "NO_AUTO_VALUE_ON_ZERO";
START TRANSACTION;
SET time_zone = "+00:00";


/*!40101 SET @OLD_CHARACTER_SET_CLIENT=@@CHARACTER_SET_CLIENT */;
/*!40101 SET @OLD_CHARACTER_SET_RESULTS=@@CHARACTER_SET_RESULTS */;
/*!40101 SET @OLD_COLLATION_CONNECTION=@@COLLATION_CONNECTION */;
/*!40101 SET NAMES utf8mb4 */;

--
-- Database: `knock4`
--

-- --------------------------------------------------------

--
-- Table structure for table `cart_member`
--

CREATE TABLE `cart_member` (
  `id` int NOT NULL,
  `cart_member_id` bigint NOT NULL,
  `cart_product_id` int NOT NULL,
  `cart_product_quantity` int NOT NULL,
  `cart_product_coupon_id` int DEFAULT NULL,
  `created_at` datetime DEFAULT NULL,
  `last_modified_at` datetime DEFAULT NULL
) ENGINE=InnoDB DEFAULT CHARSET=utf8mb4 COLLATE=utf8mb4_0900_ai_ci;

--
-- Dumping data for table `cart_member`
--
INSERT INTO `cart_member` (`id`, `cart_member_id`, `cart_product_id`, `cart_product_quantity`, `cart_product_coupon_id`, `created_at`, `last_modified_at`) VALUES
(1, 7, 34, 1, NULL, '2024-07-31 20:50:00', '2024-07-31 20:50:00');

-- --------------------------------------------------------

--
-- Table structure for table `coupons`
--

CREATE TABLE `coupons` (
  `id` int NOT NULL,
  `coupon_code` varchar(50) DEFAULT NULL,
  `coupon_name` varchar(100) NOT NULL,
  `description` varchar(500) DEFAULT NULL,
  `coupon_type_id` int NOT NULL,
  `minimum_order` int DEFAULT NULL,
  `discount_amount` int DEFAULT NULL,
  `discount_percentage` int DEFAULT NULL,
  `discount_max` int DEFAULT NULL,
  `valid_from` datetime NOT NULL,
  `valid_until` datetime NOT NULL,
  `max_usage_per_user` int NOT NULL,
  `total_limit` int NOT NULL,
  `created_at` datetime DEFAULT CURRENT_TIMESTAMP
) ENGINE=InnoDB DEFAULT CHARSET=utf8mb4 COLLATE=utf8mb4_0900_ai_ci;

--
-- Dumping data for table `coupons`
--

INSERT INTO `coupons` (`id`, `coupon_code`, `coupon_name`, `description`, `coupon_type_id`, `minimum_order`, `discount_amount`, `discount_percentage`, `discount_max`, `valid_from`, `valid_until`, `max_usage_per_user`, `total_limit`, `created_at`) VALUES
(1, NULL, '端午節全館5折', NULL, 1, 1000, NULL, 50, 500, '2024-06-01 00:00:00', '2024-06-30 23:59:59', 1, 100, '2024-07-14 20:40:02'),
(2, NULL, '週年慶滿1000千送100', NULL, 1, 1000, 100, NULL, 100, '2024-06-01 00:00:00', '2024-06-15 23:59:59', 1, 100, '2024-07-14 20:41:12'),
(3, NULL, '父親節全館88折', NULL, 1, 880, NULL, 88, 500, '2024-07-14 00:00:00', '2024-08-16 23:59:59', 1, 100, '2024-07-14 20:40:02'),
(4, NULL, '魔法系列桌遊滿800千送200', NULL, 2, 800, 200, NULL, 200, '2024-07-14 00:00:00', '2024-08-16 23:59:59', 1, 100, '2024-07-14 20:41:12'),
(5, NULL, '暑假冒險家', NULL, 3, 2000, 250, NULL, NULL, '2024-07-01 00:00:00', '2024-09-01 23:59:59', 1, 100, '2024-07-14 20:41:12'),
(6, NULL, '逃脫先鋒特惠券', NULL, 3, 2000, 200, NULL, NULL, '2024-07-20 00:00:00', '2024-10-10 23:59:59', 1, 100, '2024-07-14 20:41:12'),
(7, NULL, '解謎大師折扣券', NULL, 3, 2000, 300, NULL, NULL, '2024-07-20 00:00:00', '2024-10-10 23:59:59', 1, 100, '2024-07-14 20:41:12'),
(8, NULL, '密室探險家優惠券', NULL, 3, 2000, 150, NULL, NULL, '2024-07-20 00:00:00', '2024-10-10 23:59:59', 1, 100, '2024-07-14 20:41:12'),
(9, NULL, '益智系列桌遊95折', NULL, 2, 500, NULL, 95, 200, '2024-07-14 00:00:00', '2024-08-16 23:59:59', 1, 100, '2024-07-14 20:41:12'),
(10, NULL, '全館限時折扣80元', NULL, 1, 80, 80, NULL, 80, '2024-07-14 00:00:00', '2024-08-16 23:59:59', 1, 100, '2024-07-14 20:41:12'),
(12, NULL, '全館限時折扣10元', NULL, 1, 10, 10, NULL, 10, '2024-07-14 00:00:00', '2024-08-16 23:59:59', 1, 100, '2024-07-14 20:41:12'),
(13, NULL, '親子桌遊66折', NULL, 2, 1000, NULL, 66, 500, '2024-07-29 10:05:06', '2024-08-29 10:05:06', 1, 100, '2024-07-29 10:07:21'),
(14, NULL, '歡慶迎新年滿1000享85折', NULL, 1, 1000, NULL, 85, 500, '2024-02-01 10:05:06', '2024-02-28 10:05:06', 1, 100, '2024-07-29 10:07:21'),
(15, NULL, '全館滿1000送100', '', 1, 1000, 100, NULL, 100, '2024-07-01 10:05:06', '2024-09-01 10:05:06', 1, 100, '2024-07-29 10:07:21'),
(16, NULL, '經典桌遊9折', '', 2, 100, NULL, 90, 500, '2024-07-01 10:05:06', '2024-09-01 10:05:06', 1, 100, '2024-07-29 10:07:21'),
(17, NULL, '38婦女節滿2000送380元', '', 1, 2000, 380, NULL, 380, '2024-03-07 10:05:06', '2024-03-09 10:05:06', 1, 100, '2024-07-29 10:07:21');

-- --------------------------------------------------------

--
-- Table structure for table `coupon_member`
--

CREATE TABLE `coupon_member` (
  `id` int NOT NULL,
  `coupon_id` int NOT NULL,
  `member_id` int NOT NULL,
  `in_cart` int NOT NULL DEFAULT '0',
  `used_at` datetime DEFAULT NULL,
  `create_date` datetime DEFAULT CURRENT_TIMESTAMP
) ENGINE=InnoDB DEFAULT CHARSET=utf8mb4 COLLATE=utf8mb4_0900_ai_ci;

--
-- Dumping data for table `coupon_member`
--

INSERT INTO `coupon_member` (`id`, `coupon_id`, `member_id`, `in_cart`, `used_at`, `create_date`) VALUES
(1, 1, 7, 0, NULL, '2024-07-29 09:47:03'),
(2, 2, 7, 0, NULL, '2024-07-29 09:47:03'),
(3, 3, 7, 0, NULL, '2024-07-29 09:47:03'),
(4, 4, 7, 0, NULL, '2024-07-29 09:47:03'),
(5, 10, 7, 0, '2024-07-31 03:09:44', '2024-07-29 09:47:03'),
(6, 1, 6, 0, NULL, '2024-07-29 09:47:03'),
(7, 2, 6, 0, NULL, '2024-07-29 09:47:03'),
(8, 3, 6, 0, NULL, '2024-07-29 09:47:03'),
(9, 4, 6, 0, NULL, '2024-07-29 09:47:03'),
(10, 10, 6, 0, NULL, '2024-07-29 09:47:03'),
(11, 1, 8, 0, NULL, '2024-07-29 09:47:03'),
(12, 2, 8, 0, NULL, '2024-07-29 09:47:03'),
(13, 3, 8, 0, NULL, '2024-07-29 09:47:03'),
(14, 4, 8, 0, NULL, '2024-07-29 09:47:03'),
(15, 10, 8, 0, NULL, '2024-07-29 09:47:03'),
(16, 14, 7, 0, NULL, '2024-07-29 09:47:03'),
(17, 15, 7, 1, NULL, '2024-07-29 09:47:03'),
(18, 16, 7, 0, '2024-07-31 03:09:44', '2024-07-29 09:47:03'),
(19, 17, 7, 0, '2024-07-31 03:19:47', '2024-07-29 09:47:03'),
(61, 5, 7, 0, NULL, '2024-07-31 11:49:49'),
(62, 15, 8, 0, NULL, '2024-07-31 12:48:49'),
(63, 7, 8, 0, NULL, '2024-07-31 12:48:56'),
(64, 13, 6, 0, NULL, '2024-07-31 15:01:32'),
(65, 12, 6, 0, NULL, '2024-07-31 19:35:32'),
(66, 5, 6, 0, NULL, '2024-07-31 20:11:07'),
(67, 13, 7, 0, NULL, '2024-07-31 20:25:20');

-- --------------------------------------------------------

--
-- Table structure for table `coupon_product_associations`
--

CREATE TABLE `coupon_product_associations` (
  `id` int NOT NULL,
  `coupon_id` int NOT NULL,
  `coupon_product_id` int NOT NULL,
  `created_at` datetime DEFAULT CURRENT_TIMESTAMP
) ENGINE=InnoDB DEFAULT CHARSET=utf8mb4 COLLATE=utf8mb4_0900_ai_ci;

--
-- Dumping data for table `coupon_product_associations`
--

INSERT INTO `coupon_product_associations` (`id`, `coupon_id`, `coupon_product_id`, `created_at`) VALUES
(1, 4, 49, '2024-07-29 09:41:40'),
(2, 4, 44, '2024-07-29 09:41:43'),
(3, 4, 41, '2024-07-29 09:42:05'),
(4, 4, 40, '2024-07-29 09:42:08'),
(5, 4, 34, '2024-07-29 09:42:23'),
(6, 4, 32, '2024-07-29 09:43:14'),
(7, 4, 10, '2024-07-29 09:43:17'),
(8, 9, 48, '2024-07-29 09:43:39'),
(9, 9, 47, '2024-07-29 09:43:44'),
(10, 9, 46, '2024-07-29 09:43:46'),
(11, 9, 37, '2024-07-29 09:43:46'),
(12, 9, 36, '2024-07-29 09:43:46'),
(13, 9, 12, '2024-07-29 09:43:46'),
(14, 13, 35, '2024-07-29 10:08:10'),
(15, 13, 34, '2024-07-29 10:08:12'),
(16, 13, 33, '2024-07-29 10:08:35'),
(17, 13, 32, '2024-07-29 10:08:37'),
(18, 16, 51, '2024-07-29 10:08:37'),
(19, 16, 50, '2024-07-29 10:08:37'),
(20, 16, 49, '2024-07-29 10:08:37'),
(21, 13, 51, '2024-07-29 10:08:37'),
(22, 4, 51, '2024-07-29 09:43:17');

-- --------------------------------------------------------

--
-- Table structure for table `coupon_types`
--

CREATE TABLE `coupon_types` (
  `id` int NOT NULL,
  `coupon_type_name` varchar(100) DEFAULT NULL
) ENGINE=InnoDB DEFAULT CHARSET=utf8mb4 COLLATE=utf8mb4_0900_ai_ci;

--
-- Dumping data for table `coupon_types`
--

INSERT INTO `coupon_types` (`id`, `coupon_type_name`) VALUES
(1, '所有商品'),
(2, '指定商品'),
(3, '行程');

-- --------------------------------------------------------

--
-- Table structure for table `orders`
--

CREATE TABLE `orders` (
  `id` int NOT NULL,
  `merchant_trade_no` varchar(255) CHARACTER SET utf8mb4 COLLATE utf8mb4_0900_ai_ci DEFAULT NULL,
  `order_date` date DEFAULT NULL,
  `member_id` int DEFAULT NULL,
  `order_district_id` int DEFAULT NULL,
  `order_address` varchar(255) CHARACTER SET utf8mb4 COLLATE utf8mb4_0900_ai_ci DEFAULT NULL,
  `recipient_name` varchar(255) CHARACTER SET utf8mb4 COLLATE utf8mb4_0900_ai_ci DEFAULT NULL,
  `recipient_mobile` varchar(255) CHARACTER SET utf8mb4 COLLATE utf8mb4_0900_ai_ci DEFAULT NULL,
  `member_carrier` int DEFAULT '0',
  `recipient_invoice_carrier` varchar(50) CHARACTER SET utf8mb4 COLLATE utf8mb4_0900_ai_ci DEFAULT NULL,
  `recipient_tax_id` varchar(50) CHARACTER SET utf8mb4 COLLATE utf8mb4_0900_ai_ci DEFAULT NULL,
  `order_coupon_id` int DEFAULT NULL,
  `deliver_fee` int NOT NULL DEFAULT '150',
  `trade_no` varchar(100) CHARACTER SET utf8mb4 COLLATE utf8mb4_0900_ai_ci DEFAULT NULL,
  `rtn_code` int DEFAULT NULL,
  `payment_type` varchar(100) DEFAULT NULL,
  `payment_date` datetime DEFAULT NULL,
  `invoice_rtn_code` int DEFAULT NULL,
  `invoice_no` varchar(100) DEFAULT NULL,
  `invoice_date` datetime DEFAULT NULL,
  `invoice_random_number` varchar(10) DEFAULT NULL,
  `order_status_id` int DEFAULT '1',
  `deliver` int NOT NULL DEFAULT '0',
  `cancel` int NOT NULL DEFAULT '0',
  `created_at` datetime DEFAULT NULL,
  `last_modified_by` varchar(255) DEFAULT NULL,
  `last_modified_at` datetime DEFAULT CURRENT_TIMESTAMP
) ENGINE=InnoDB DEFAULT CHARSET=utf8mb4 COLLATE=utf8mb4_0900_ai_ci;

--
-- Dumping data for table `orders`
--

INSERT INTO `orders` (`id`, `merchant_trade_no`, `order_date`, `member_id`, `order_district_id`, `order_address`, `recipient_name`, `recipient_mobile`, `member_carrier`, `recipient_invoice_carrier`, `recipient_tax_id`, `order_coupon_id`, `deliver_fee`, `trade_no`, `rtn_code`, `payment_type`, `payment_date`, `invoice_rtn_code`, `invoice_no`, `invoice_date`, `invoice_random_number`, `order_status_id`, `deliver`, `cancel`, `created_at`, `last_modified_by`, `last_modified_at`) VALUES
(1, 'KK1722219507361', '2024-07-16', 8, 78, '忠孝東路1300號', '趙大山', '0989012345', 1, '', '', NULL, 0, '2407291018308917', 1, 'TWQR_OPAY', '2024-07-29 11:07:40', 1, 'QV71019236', '2024-07-29 10:18:42', '1768', 2, 1, 0, '2024-07-29 10:18:27', NULL, '2024-07-29 10:18:43'),
(2, 'KK1722221377134', '2024-07-29', 9, 100, '復興南路1400號', '趙麗華', '0990123456', 1, '', '', NULL, 0, '2407291049378971', 1, 'Credit_CreditCard', '2024-07-29 10:50:01', 1, 'QV71019269', '2024-07-29 10:50:02', '5290', 2, 0, 0, '2024-07-29 10:49:37', NULL, '2024-07-29 10:50:02'),
(3, 'KK1722221822921', '2024-07-29', 9, 100, '復興南路1400號', '趙麗華', '0990123456', 1, '', '', NULL, 0, '2407291057038993', 1, 'TWQR_OPAY', '2024-07-29 11:07:15', 1, 'QV71019277', '2024-07-29 10:57:17', '1719', 2, 0, 0, '2024-07-29 10:57:02', NULL, '2024-07-29 10:57:17'),
(4, 'KK1722224093771', '2024-07-29', 7, 200, '大同路1000號', '蔡宗翰', '0967890123', 1, '', '', NULL, 0, '2407291134539097', 1, 'Credit_CreditCard', '2024-07-29 11:35:36', 1, 'QV71019326', '2024-07-29 11:35:38', '0914', 2, 0, 0, '2024-07-29 11:34:53', NULL, '2024-07-29 11:35:38'),
(5, 'KK1722224167549', '2024-07-09', 7, 200, '大同路1000號', '蔡宗翰', '0967890123', 1, '', '', NULL, 0, NULL, NULL, NULL, NULL, NULL, NULL, NULL, NULL, 1, 0, 0, '2024-07-29 11:36:07', NULL, '2024-07-29 11:36:07'),
(6, 'KK1722224203617', '2024-07-29', 7, 200, '大同路1000號', '蔡宗翰', '0967890123', 1, '', '', NULL, 0, NULL, NULL, NULL, NULL, NULL, NULL, NULL, NULL, 1, 0, 0, '2024-07-29 11:36:43', NULL, '2024-07-29 11:36:43'),
(7, 'KK1722362649760', '2024-07-30', 7, 30, '長安街1100號', '許家豪', '0978901234', 1, '', '', NULL, 0, '2407310204103006', 1, 'Credit_CreditCard', '2024-07-31 02:04:32', 1, 'QV71023557', '2024-07-31 02:04:33', '2078', 2, 0, 0, '2024-07-29 11:37:25', NULL, '2024-07-31 02:04:34'),
(8, 'KK1722398816482', '2024-07-31', 7, 200, '大同路1000號', '蔡宗翰', '0967890123', 1, '', '', NULL, 0, NULL, NULL, NULL, NULL, NULL, NULL, NULL, NULL, 1, 0, 0, '2024-07-29 11:36:07', NULL, '2024-07-29 11:36:07'),
(9, 'KK1722225774932', '2024-07-18', 8, 78, '忠孝東路1300號', '楊宗緯', '0989012345', 0, '/OP89012', '', NULL, 0, '2407291202599159', 1, 'Credit_CreditCard', '2024-07-20 12:03:30', 1, 'QV71019367', '2024-07-20 12:03:33', '6539', 2, 1, 0, '2024-07-29 12:02:54', NULL, '2024-07-29 12:03:34'),
(10, 'KK1722401259385', '2024-07-29', 8, 78, '忠孝東路1300號', '楊宗緯', '0989012345', 1, '', '', NULL, 0, '2407311247403638', 1, 'Credit_CreditCard', '2024-07-31 12:48:08', 1, 'QV71024088', '2024-07-31 12:48:10', '2723', 2, 0, 0, '2024-07-29 12:05:14', NULL, '2024-07-31 12:48:11'),
(11, 'KK1722225937267', '2024-07-29', 8, 78, '忠孝東路1300號', '楊宗緯', '0989012345', 1, '', '', NULL, 0, NULL, NULL, NULL, NULL, NULL, NULL, NULL, NULL, 1, 0, 0, '2024-07-29 12:05:37', NULL, '2024-07-29 12:05:37'),
(12, 'KK1722226499175', '2024-07-10', 8, 78, '忠孝東路1300號', '楊宗緯', '0989012345', 1, '', '', NULL, 0, '2407291215029187', 1, 'TWQR_OPAY', '2024-07-10 13:07:12', 1, 'QV71019379', '2024-07-10 12:15:14', '2896', 2, 1, 0, '2024-07-29 12:14:59', NULL, '2024-07-29 12:15:15'),
(13, 'KK17222264976532', '2024-07-10', 8, 78, '忠孝東路1300號', '楊宗緯', '0989012345', 1, '', '', NULL, 0, '2407291215029187', 1, 'TWQR_OPAY', '2024-07-10 13:07:12', 1, 'QV71019379', '2024-07-10 12:15:14', '2896', 2, 0, 1, '2024-07-29 12:14:59', NULL, '2024-07-29 12:15:15'),
(14, 'KK1722360109213', '2024-07-31', 7, 200, '大同路1000號', '蔡宗翰', '0967890123', 0, '', '73251209', NULL, 0, '2407310121502983', 1, 'Credit_CreditCard', '2024-07-31 01:22:11', 1, 'QV71023541', '2024-07-31 01:22:13', '6642', 2, 1, 0, '2024-07-31 01:20:45', NULL, '2024-07-31 01:22:13'),
(15, 'KK1722360195206', '2024-07-20', 7, 200, '大同路1000號', '蔡宗翰', '0967890123', 1, '', '', NULL, 0, '2407310123152984', 1, 'TWQR_OPAY', '2024-07-20 02:07:27', 1, 'QV71023542', '2024-07-20 01:23:29', '5358', 2, 1, 0, '2024-07-31 01:23:15', NULL, '2024-07-31 01:23:29'),
(16, 'KK1722360255097', '2024-07-11', 7, 30, '長安街1100號', '許家豪', '0978901234', 0, '/MN78901', '', NULL, 0, '2407310124152985', 1, 'TWQR_OPAY', '2024-07-11 02:07:23', 1, 'QV71023543', '2024-07-11 01:24:24', '1890', 2, 1, 0, '2024-07-31 01:24:15', NULL, '2024-07-31 01:24:25'),
(17, 'KK1722360311362', '2024-07-09', 7, 200, '大同路1000號', '蔡宗翰', '0967890123', 0, '', '73251209', NULL, 0, '2407310125112986', 1, 'Credit_CreditCard', '2024-07-09 01:25:39', 1, 'QV71023544', '2024-07-09 01:25:40', '7991', 2, 1, 0, '2024-07-31 01:25:11', NULL, '2024-07-31 01:25:41'),
(18, 'KK1722360366459', '2024-07-05', 7, 200, '大同路1000號', '蔡宗翰', '0967890123', 1, '', '', NULL, 0, '2407310126062987', 1, 'Credit_CreditCard', '2024-07-05 01:29:49', 1, 'QV71023545', '2024-07-05 01:29:51', '4886', 2, 1, 0, '2024-07-31 01:26:06', NULL, '2024-07-31 01:29:52'),
(19, 'KK1722360353787', '2024-07-03', 7, 200, '大同路1000號', '蔡宗翰', '0967890123', 1, '', '', NULL, 0, NULL, NULL, NULL, NULL, NULL, NULL, NULL, NULL, 1, 0, 1, '2024-07-31 01:26:06', NULL, '2024-07-31 01:26:06'),
(20, 'KK1722224865409', '2024-07-05', 7, 30, '長安街1100號', '許家豪', '0978901234', 1, '', '', NULL, 0, NULL, NULL, NULL, NULL, NULL, NULL, NULL, NULL, 1, 0, 1, '2024-07-29 11:37:25', NULL, '2024-07-29 11:37:25'),
(21, 'KK1722361124286', '2024-07-08', 7, 200, '大同路1000號', '蔡宗翰', '0967890123', 1, '', '', NULL, 0, '2407310138442994', 1, 'Credit_CreditCard', '2024-07-08 01:39:04', 1, 'QV71023546', '2024-07-08 01:39:06', '4565', 2, 1, 0, '2024-07-31 01:38:44', NULL, '2024-07-31 01:39:06'),
(22, 'KK1722361163818', '2024-07-22', 7, 200, '大同路1000號', '蔡宗翰', '0967890123', 0, '/MN78901', '', NULL, 0, '2407310139242995', 1, 'TWQR_OPAY', '2024-07-22 02:07:33', 1, 'QV71023547', '2024-07-22 01:39:35', '2140', 2, 1, 0, '2024-07-31 01:39:23', NULL, '2024-07-31 01:39:35'),
(23, 'KK1722361190195', '2024-07-11', 7, 200, '大同路1000號', '蔡宗翰', '0967890123', 0, '/MN78901', '', NULL, 0, '2407310139502996', 1, 'TWQR_OPAY', '2024-07-11 02:07:57', 1, 'QV71023548', '2024-07-11 01:39:59', '3129', 2, 1, 0, '2024-07-31 01:39:50', NULL, '2024-07-31 01:39:59'),
(24, 'KK1722361233372', '2024-07-18', 7, 200, '大同路1000號', '蔡宗翰', '0967890123', 0, '', '73251209', NULL, 0, '2407310140332997', 1, 'Credit_CreditCard', '2024-07-18 01:40:48', 1, 'QV71023549', '2024-07-18 01:40:49', '9473', 2, 1, 0, '2024-07-31 01:40:33', NULL, '2024-07-31 01:40:49'),
(25, 'KK1722361907653', '2024-06-22', 7, 200, '大同路1000號', '蔡宗翰', '0967890123', 0, '/MN78901', '', NULL, 0, '2407310139242995', 1, 'TWQR_OPAY', '2024-07-22 02:07:33', 1, 'QV71023547', '2024-07-31 01:39:35', '2140', 2, 1, 0, '2024-07-31 01:39:23', NULL, '2024-07-31 01:39:35'),
(26, 'KK1722362599343', '2024-07-17', 7, 30, '長安街1100號', '許家豪', '0978901234', 1, '', '', NULL, 0, '2407310203203005', 1, 'TWQR_OPAY', '2024-07-17 03:07:28', 1, 'QV71023556', '2024-07-17 02:03:30', '6627', 2, 1, 0, '2024-07-31 02:03:19', NULL, '2024-07-31 02:03:31'),
(27, 'KK1722366584030', '2024-07-28', 7, 30, '長安街1100號', '許家豪', '0978901234', 1, '', '', 10, 0, '2407310309473009', 1, 'Credit_CreditCard', '2024-07-28 03:10:11', 1, 'QV71023562', '2024-07-28 03:10:12', '8442', 2, 0, 0, '2024-07-31 03:09:43', NULL, '2024-07-31 03:10:13'),
(28, 'KK1722367187436', '2024-07-29', 7, 200, '大同路1000號', '蔡宗翰', '0967890123', 0, '/MN78901', '', 17, 0, '2407310319523010', 1, 'TWQR_OPAY', '2024-07-29 04:07:04', 1, 'QV71023563', '2024-07-29 03:20:09', '8405', 2, 0, 0, '2024-07-31 03:19:47', NULL, '2024-07-31 03:20:09'),
(68, 'KK1722398513164', '2024-07-25', 7, 200, '大同路1000號', '蔡宗翰', '0967890123', 1, '', '', NULL, 0, '2407311201543553', 1, 'TWQR_OPAY', '2024-07-25 13:07:03', 1, 'QV71028902', '2024-07-31 12:07:52', '7092', 2, 1, 0, '2024-07-31 12:01:53', NULL, '2024-07-31 12:01:53'),
(72, 'KK1722399577536', '2024-07-26', 7, 30, '長安街1100號', '許家豪', '0978901234', 0, '', '73251209', NULL, 0, '2407311219393604', 1, 'TWQR_OPAY', '2024-07-26 13:07:49', 1, 'QV71024057', '2024-07-26 12:19:50', '4346', 2, 1, 0, '2024-07-31 12:19:37', NULL, '2024-07-31 12:19:51'),
(73, 'KK1722399763477', '2024-07-13', 7, 30, '長安街1100號', '許家豪', '0978901234', 0, '', '73251209', NULL, 0, '2407311222453610', 1, 'TWQR_OPAY', '2024-07-13 13:07:59', 1, 'QV71024062', '2024-07-13 12:23:00', '3957', 2, 1, 0, '2024-07-31 12:22:43', NULL, '2024-07-31 12:23:01'),
(74, 'KK1722408724044', '2024-07-31', 8, 78, '忠孝東路1300號', '楊宗緯', '0989012345', 1, '', '', NULL, 0, NULL, NULL, NULL, NULL, NULL, NULL, NULL, NULL, 1, 0, 0, '2024-07-31 14:52:04', NULL, '2024-07-31 14:52:04'),
(75, 'KK1722408802904', '2024-07-31', 8, 78, '忠孝東路1300號', '楊宗緯', '0989012345', 1, '', '', NULL, 120, '2407311453234333', 1, 'TWQR_OPAY', '2024-07-31 15:07:33', 1, 'QV71024565', '2024-07-31 14:53:37', '7384', 2, 0, 0, '2024-07-31 14:53:22', NULL, '2024-07-31 14:53:37');



-- --------------------------------------------------------

--
-- Table structure for table `order_details`
--

CREATE TABLE `order_details` (
  `id` int NOT NULL,
  `order_id` int NOT NULL,
  `order_product_id` int NOT NULL,
  `order_quantity` int NOT NULL,
  `order_unit_price` int NOT NULL,
  `product_coupon_id` int DEFAULT NULL,
  `review` varchar(300) CHARACTER SET utf8mb4 COLLATE utf8mb4_0900_ai_ci DEFAULT NULL,
  `rate` int DEFAULT NULL,
  `review_status` int DEFAULT NULL,
  `review_date` datetime DEFAULT NULL,
  `created_at` datetime DEFAULT CURRENT_TIMESTAMP,
  `last_modified_at` datetime DEFAULT CURRENT_TIMESTAMP
) ENGINE=InnoDB DEFAULT CHARSET=utf8mb4 COLLATE=utf8mb4_0900_ai_ci;

--
-- Dumping data for table `order_details`
--

INSERT INTO `order_details` (`id`, `order_id`, `order_product_id`, `order_quantity`, `order_unit_price`, `product_coupon_id`, `review`, `rate`, `review_status`, `review_date`, `created_at`, `last_modified_at`) VALUES
(1, 1, 51, 1, 999, NULL, '一點也不夢幻 ==', 1, 1, '2024-07-29 10:38:03', '2024-07-29 10:18:27', '2024-07-29 10:18:27'),
(2, 1, 48, 1, 1299, NULL, '這款經典桌遊提供了豐富的策略與互動，讓每次遊戲都充滿變數。適合家庭和朋友聚會，無論玩幾次都不會厭倦！', 4, 1, '2024-07-29 10:38:03', '2024-07-29 10:18:27', '2024-07-29 10:18:27'),
(3, 1, 50, 1, 1199, NULL, '', 3, 1, '2024-07-29 10:38:03', '2024-07-29 10:18:27', '2024-07-29 10:18:27'),
(4, 1, 49, 1, 2000, NULL, '超讚的！', 4, 1, '2024-07-29 10:38:03', '2024-07-29 10:18:27', '2024-07-29 10:18:27'),
(5, 1, 47, 1, 999, NULL, '這是一款合作探險遊戲，玩家們需要一起解開謎題並探索心靈迷宮。遊戲故事性強，非常引人入勝', 5, 1, '2024-07-29 10:38:03', '2024-07-29 10:18:27', '2024-07-29 10:18:27'),
(6, 1, 46, 1, 1199, NULL, '超級有趣！！', 2, 1, '2024-07-29 10:38:03', '2024-07-29 10:18:27', '2024-07-29 10:18:27'),
(7, 1, 43, 1, 1099, NULL, '這是一款快速且有趣的卡牌遊戲，玩家需要運用策略和運氣來擊敗對手。簡單易學，適合家庭和朋友聚會。', 4, 1, '2024-07-29 10:38:03', '2024-07-29 10:18:27', '2024-07-29 10:18:27'),
(8, 1, 44, 1, 999, NULL, '合作解謎的經典。遊戲節奏緊湊，氣氛緊張，讓人欲罷不能', 3, 1, '2024-07-29 10:38:03', '2024-07-29 10:18:27', '2024-07-29 10:18:27'),
(9, 1, 45, 1, 799, NULL, '進入舊石器時代，挺無聊的。', 2, 1, '2024-07-29 10:38:03', '2024-07-29 10:18:27', '2024-07-29 10:18:27'),
(10, 2, 51, 1, 999, NULL, '策略與幻想結合，設計精美，玩法多樣，充滿驚奇與挑戰。', 2, 1, '2024-07-29 10:55:52', '2024-07-29 10:49:37', '2024-07-29 10:49:37'),
(11, 2, 50, 1, 460, NULL, '透過交換與謀略達成目標，驚喜與計算並存，策略性強。', 4, 1, '2024-07-29 10:55:52', '2024-07-29 10:49:37', '2024-07-29 10:49:37'),
(12, 2, 47, 1, 1650, NULL, '智慧與推理的挑戰，解開迷宮謎題，每次遊玩都新鮮有趣。', 3, 1, '2024-07-29 10:55:52', '2024-07-29 10:49:37', '2024-07-29 10:49:37'),
(13, 2, 48, 1, 1299, NULL, '快速且戰略性強，簡單易上手，適合各種聚會場合。', 3, 1, '2024-07-29 10:55:52', '2024-07-29 10:49:37', '2024-07-29 10:49:37'),
(14, 2, 46, 1, 590, NULL, '策略與心理戰的完美結合，決策影響結果，緊張刺激。', 3, 1, '2024-07-29 10:55:52', '2024-07-29 10:49:37', '2024-07-29 10:49:37'),
(15, 2, 49, 1, 2000, NULL, '魔法與冒險的策略遊戲，世界豐富多彩，充滿無限可能。', 2, 1, '2024-07-29 10:55:52', '2024-07-29 10:49:37', '2024-07-29 10:49:37'),
(16, 2, 45, 1, 799, NULL, '', 4, 1, '2024-07-29 10:55:52', '2024-07-29 10:49:37', '2024-07-29 10:49:37'),
(17, 2, 44, 1, 1500, NULL, '懸疑與挑戰並存，暗影中探索解謎，氣氛緊張。', 3, 1, '2024-07-29 10:55:52', '2024-07-29 10:49:37', '2024-07-29 10:49:37'),
(18, 2, 43, 1, 1099, NULL, '結合收藏與對戰，收集卡片戰勝對手，樂趣無窮。', 3, 1, '2024-07-29 10:55:52', '2024-07-29 10:49:37', '2024-07-29 10:49:37'),
(19, 3, 51, 1, 999, NULL, '策略豐富，設計精美。遊戲時間過長。', 2, 1, '2024-07-29 10:58:56', '2024-07-29 10:57:02', '2024-07-29 10:57:02'),
(20, 3, 50, 1, 460, NULL, '超讚的～', 0, 1, '2024-07-29 10:58:56', '2024-07-29 10:57:02', '2024-07-29 10:57:02'),
(21, 3, 49, 1, 2000, NULL, '計算策略佳，充滿驚喜。有些複雜。', 2, 1, '2024-07-29 10:58:56', '2024-07-29 10:57:02', '2024-07-29 10:57:02'),
(22, 3, 47, 1, 1650, NULL, '非常好玩，會再購買', 3, 1, '2024-07-29 10:58:56', '2024-07-29 10:57:02', '2024-07-29 10:57:02'),
(23, 3, 48, 1, 1299, NULL, '收集樂趣，對戰刺激。卡片偏貴。', 5, 1, '2024-07-29 10:58:56', '2024-07-29 10:57:02', '2024-07-29 10:57:02'),
(24, 3, 46, 1, 590, NULL, '簡單有趣，適合聚會。運氣影響大。', 4, 1, '2024-07-29 10:58:56', '2024-07-29 10:57:02', '2024-07-29 10:57:02'),
(25, 3, 43, 1, 1099, NULL, '超讚的！卡片超精美', 3, 1, '2024-07-29 10:58:56', '2024-07-29 10:57:02', '2024-07-29 10:57:02'),
(26, 3, 44, 1, 1500, NULL, '玩到誰著，不推', 2, 1, '2024-07-29 10:58:56', '2024-07-29 10:57:02', '2024-07-29 10:57:02'),
(27, 3, 45, 1, 799, NULL, '浪費錢', 2, 1, '2024-07-29 10:58:56', '2024-07-29 10:57:02', '2024-07-29 10:57:02'),
(28, 4, 51, 1, 999, NULL, NULL, NULL, NULL, NULL, '2024-07-29 11:34:53', '2024-07-29 11:34:53'),
(29, 4, 50, 1, 460, NULL, NULL, NULL, NULL, NULL, '2024-07-29 11:34:53', '2024-07-29 11:34:53'),
(30, 4, 49, 2, 2000, NULL, NULL, NULL, NULL, NULL, '2024-07-29 11:34:53', '2024-07-29 11:34:53'),
(31, 5, 47, 1, 1650, NULL, NULL, NULL, NULL, NULL, '2024-07-29 11:36:07', '2024-07-29 11:36:07'),
(32, 5, 43, 1, 1099, NULL, NULL, NULL, NULL, NULL, '2024-07-29 11:36:07', '2024-07-29 11:36:07'),
(33, 5, 46, 1, 590, NULL, NULL, NULL, NULL, NULL, '2024-07-29 11:36:07', '2024-07-29 11:36:07'),
(34, 5, 44, 1, 1500, NULL, NULL, NULL, NULL, NULL, '2024-07-29 11:36:07', '2024-07-29 11:36:07'),
(35, 6, 41, 1, 490, NULL, NULL, NULL, NULL, NULL, '2024-07-29 11:36:43', '2024-07-29 11:36:43'),
(36, 6, 37, 1, 1399, NULL, NULL, NULL, NULL, NULL, '2024-07-29 11:36:43', '2024-07-29 11:36:43'),
(37, 6, 38, 1, 1350, NULL, NULL, NULL, NULL, NULL, '2024-07-29 11:36:43', '2024-07-29 11:36:43'),
(38, 6, 36, 1, 1099, NULL, NULL, NULL, NULL, NULL, '2024-07-29 11:36:43', '2024-07-29 11:36:43'),
(39, 7, 42, 1, 1299, NULL, NULL, NULL, NULL, NULL, '2024-07-29 11:37:25', '2024-07-29 11:37:25'),
(40, 7, 41, 1, 490, NULL, NULL, NULL, NULL, NULL, '2024-07-29 11:37:25', '2024-07-29 11:37:25'),
(41, 7, 34, 1, 999, NULL, NULL, NULL, NULL, NULL, '2024-07-29 11:37:25', '2024-07-29 11:37:25'),
(42, 8, 48, 1, 1299, NULL, NULL, NULL, NULL, NULL, '2024-07-29 10:57:02', '2024-07-29 10:57:02'),
(43, 8, 46, 1, 590, NULL, NULL, NULL, NULL, NULL, '2024-07-29 10:57:02', '2024-07-29 10:57:02'),
(44, 8, 43, 1, 1099, NULL, NULL, NULL, NULL, NULL, '2024-07-29 10:57:02', '2024-07-29 10:57:02'),
(45, 9, 48, 1, 1299, NULL, NULL, NULL, NULL, NULL, '2024-07-29 12:02:54', '2024-07-29 12:02:54'),
(46, 9, 51, 1, 999, NULL, NULL, NULL, NULL, NULL, '2024-07-29 12:02:54', '2024-07-29 12:02:54'),
(47, 9, 43, 1, 1099, NULL, NULL, NULL, NULL, NULL, '2024-07-29 12:02:54', '2024-07-29 12:02:54'),
(48, 10, 51, 1, 999, NULL, NULL, NULL, NULL, NULL, '2024-07-29 12:05:14', '2024-07-29 12:05:14'),
(49, 10, 50, 1, 460, NULL, NULL, NULL, NULL, NULL, '2024-07-29 12:05:14', '2024-07-29 12:05:14'),
(50, 11, 50, 1, 460, NULL, NULL, NULL, NULL, NULL, '2024-07-29 12:05:37', '2024-07-29 12:05:37'),
(51, 11, 48, 1, 1299, NULL, NULL, NULL, NULL, NULL, '2024-07-29 12:05:37', '2024-07-29 12:05:37'),
(52, 11, 46, 1, 590, NULL, NULL, NULL, NULL, NULL, '2024-07-29 12:05:37', '2024-07-29 12:05:37'),
(53, 12, 46, 1, 590, NULL, NULL, NULL, NULL, NULL, '2024-07-29 12:14:59', '2024-07-29 12:14:59'),
(54, 12, 41, 1, 490, NULL, NULL, NULL, NULL, NULL, '2024-07-29 12:14:59', '2024-07-29 12:14:59'),
(55, 12, 37, 1, 1399, NULL, NULL, NULL, NULL, NULL, '2024-07-29 12:14:59', '2024-07-29 12:14:59'),
(56, 13, 43, 1, 1099, NULL, NULL, NULL, NULL, NULL, '2024-07-29 11:36:07', '2024-07-29 11:36:07'),
(57, 13, 37, 1, 1399, NULL, NULL, NULL, NULL, NULL, '2024-07-29 12:14:59', '2024-07-29 12:14:59'),
(58, 14, 43, 1, 1099, NULL, NULL, NULL, NULL, NULL, '2024-07-31 01:20:45', '2024-07-31 01:20:45'),
(59, 14, 46, 1, 590, NULL, NULL, NULL, NULL, NULL, '2024-07-31 01:20:45', '2024-07-31 01:20:45'),
(60, 14, 44, 1, 1500, NULL, NULL, NULL, NULL, NULL, '2024-07-31 01:20:45', '2024-07-31 01:20:45'),
(61, 15, 41, 1, 490, NULL, '超級有趣！', 3, 1, '2024-07-31 02:26:07', '2024-07-31 01:23:15', '2024-07-31 01:23:15'),
(62, 15, 42, 1, 1299, NULL, '有點花時間，不好上手。', 3, 1, '2024-07-31 02:26:07', '2024-07-31 01:23:15', '2024-07-31 01:23:15'),
(63, 15, 37, 1, 1399, NULL, '推推～', 3, 1, '2024-07-31 02:26:07', '2024-07-31 01:23:15', '2024-07-31 01:23:15'),
(64, 15, 34, 1, 999, NULL, '普普，好入手', 2, 1, '2024-07-31 02:26:07', '2024-07-31 01:23:15', '2024-07-31 01:23:15'),
(65, 16, 35, 1, 1200, NULL, NULL, NULL, NULL, NULL, '2024-07-31 01:24:15', '2024-07-31 01:24:15'),
(66, 16, 34, 1, 999, NULL, NULL, NULL, NULL, NULL, '2024-07-31 01:24:15', '2024-07-31 01:24:15'),
(67, 16, 36, 1, 1099, NULL, NULL, NULL, NULL, NULL, '2024-07-31 01:24:15', '2024-07-31 01:24:15'),
(68, 16, 37, 1, 1399, NULL, NULL, NULL, NULL, NULL, '2024-07-31 01:24:15', '2024-07-31 01:24:15'),
(69, 16, 39, 1, 1500, NULL, NULL, NULL, NULL, NULL, '2024-07-31 01:24:15', '2024-07-31 01:24:15'),
(70, 16, 40, 1, 1800, NULL, NULL, NULL, NULL, NULL, '2024-07-31 01:24:15', '2024-07-31 01:24:15'),
(71, 17, 38, 1, 1350, NULL, NULL, NULL, NULL, NULL, '2024-07-31 01:25:11', '2024-07-31 01:25:11'),
(72, 17, 39, 1, 1500, NULL, NULL, NULL, NULL, NULL, '2024-07-31 01:25:11', '2024-07-31 01:25:11'),
(73, 17, 33, 1, 1199, NULL, NULL, NULL, NULL, NULL, '2024-07-31 01:25:11', '2024-07-31 01:25:11'),
(74, 17, 28, 1, 799, NULL, NULL, NULL, NULL, NULL, '2024-07-31 01:25:11', '2024-07-31 01:25:11'),
(75, 18, 49, 1, 2000, NULL, NULL, NULL, NULL, NULL, '2024-07-31 01:26:06', '2024-07-31 01:26:06'),
(76, 18, 47, 1, 1650, NULL, NULL, NULL, NULL, NULL, '2024-07-31 01:26:06', '2024-07-31 01:26:06'),
(77, 18, 48, 1, 1299, NULL, NULL, NULL, NULL, NULL, '2024-07-31 01:26:06', '2024-07-31 01:26:06'),
(78, 19, 49, 1, 2000, NULL, NULL, NULL, NULL, NULL, '2024-07-31 01:26:06', '2024-07-31 01:26:06'),
(79, 19, 47, 1, 1650, NULL, NULL, NULL, NULL, NULL, '2024-07-31 01:26:06', '2024-07-31 01:26:06'),
(80, 18, 19, 1, 1299, NULL, NULL, NULL, NULL, NULL, '2024-07-31 01:26:06', '2024-07-31 01:26:06'),
(81, 20, 34, 1, 999, NULL, NULL, NULL, NULL, NULL, '2024-07-29 11:37:25', '2024-07-29 11:37:25'),
(82, 20, 48, 1, 1299, NULL, NULL, NULL, NULL, NULL, '2024-07-29 10:57:02', '2024-07-29 10:57:02'),
(83, 20, 46, 1, 590, NULL, NULL, NULL, NULL, NULL, '2024-07-29 10:57:02', '2024-07-29 10:57:02'),
(84, 21, 48, 1, 1299, NULL, NULL, NULL, NULL, NULL, '2024-07-31 01:38:44', '2024-07-31 01:38:44'),
(85, 21, 46, 1, 590, NULL, NULL, NULL, NULL, NULL, '2024-07-31 01:38:44', '2024-07-31 01:38:44'),
(86, 21, 44, 1, 1500, NULL, NULL, NULL, NULL, NULL, '2024-07-31 01:38:44', '2024-07-31 01:38:44'),
(87, 22, 43, 1, 1099, NULL, NULL, NULL, NULL, NULL, '2024-07-31 01:39:23', '2024-07-31 01:39:23'),
(88, 22, 41, 1, 490, NULL, NULL, NULL, NULL, NULL, '2024-07-31 01:39:23', '2024-07-31 01:39:23'),
(89, 22, 38, 1, 1350, NULL, NULL, NULL, NULL, NULL, '2024-07-31 01:39:23', '2024-07-31 01:39:23'),
(90, 23, 38, 1, 1350, NULL, NULL, NULL, NULL, NULL, '2024-07-31 01:39:50', '2024-07-31 01:39:50'),
(91, 23, 34, 1, 999, NULL, NULL, NULL, NULL, NULL, '2024-07-31 01:39:50', '2024-07-31 01:39:50'),
(92, 24, 33, 1, 1199, NULL, NULL, NULL, NULL, NULL, '2024-07-31 01:40:33', '2024-07-31 01:40:33'),
(93, 24, 26, 1, 1099, NULL, NULL, NULL, NULL, NULL, '2024-07-31 01:40:33', '2024-07-31 01:40:33'),
(94, 25, 43, 1, 1099, NULL, NULL, NULL, NULL, NULL, '2024-07-31 01:39:23', '2024-07-31 01:39:23'),
(95, 25, 41, 1, 490, NULL, NULL, NULL, NULL, NULL, '2024-07-31 01:39:23', '2024-07-31 01:39:23'),
(96, 25, 38, 1, 1350, NULL, NULL, NULL, NULL, NULL, '2024-07-31 01:39:23', '2024-07-31 01:39:23'),
(97, 26, 49, 1, 2000, NULL, NULL, NULL, NULL, NULL, '2024-07-31 02:03:19', '2024-07-31 02:03:19'),
(98, 26, 50, 1, 460, NULL, NULL, NULL, NULL, NULL, '2024-07-31 02:03:19', '2024-07-31 02:03:19'),
(99, 26, 51, 5, 999, NULL, NULL, NULL, NULL, NULL, '2024-07-31 02:03:19', '2024-07-31 02:03:19'),
(100, 27, 49, 1, 2000, NULL, NULL, NULL, NULL, NULL, '2024-07-31 03:09:43', '2024-07-31 03:09:43'),
(101, 27, 51, 1, 999, NULL, NULL, NULL, NULL, NULL, '2024-07-31 03:09:43', '2024-07-31 03:09:43'),
(102, 27, 50, 3, 460, 16, NULL, NULL, NULL, NULL, '2024-07-31 03:09:43', '2024-07-31 03:09:43'),
(103, 28, 27, 1, 999, NULL, NULL, NULL, NULL, NULL, '2024-07-31 03:19:47', '2024-07-31 03:19:47'),
(104, 28, 29, 1, 1199, NULL, NULL, NULL, NULL, NULL, '2024-07-31 03:19:47', '2024-07-31 03:19:47'),
(105, 28, 30, 1, 999, NULL, NULL, NULL, NULL, NULL, '2024-07-31 03:19:47', '2024-07-31 03:19:47'),
(106, 28, 28, 5, 799, NULL, NULL, NULL, NULL, NULL, '2024-07-31 03:19:47', '2024-07-31 03:19:47'),
(130, 68, 2, 2, 390, NULL, NULL, NULL, NULL, NULL, '2024-07-31 12:01:53', '2024-07-31 12:01:53'),
(131, 68, 50, 1, 460, NULL, NULL, NULL, NULL, NULL, '2024-07-31 12:01:53', '2024-07-31 12:01:53'),
(132, 68, 49, 1, 2000, NULL, NULL, NULL, NULL, NULL, '2024-07-31 12:01:53', '2024-07-31 12:01:53'),
(135, 69, 46, 1, 590, NULL, NULL, NULL, NULL, NULL, '2024-07-31 12:09:27', '2024-07-31 12:09:27'),
(142, 72, 36, 1, 1099, NULL, NULL, NULL, NULL, NULL, '2024-07-31 12:19:37', '2024-07-31 12:19:37'),
(143, 72, 2, 2, 390, NULL, NULL, NULL, NULL, NULL, '2024-07-31 12:19:37', '2024-07-31 12:19:37'),
(144, 72, 38, 1, 1350, NULL, NULL, NULL, NULL, NULL, '2024-07-31 12:19:37', '2024-07-31 12:19:37'),
(145, 73, 2, 1, 390, NULL, NULL, NULL, NULL, NULL, '2024-07-31 12:22:43', '2024-07-31 12:22:43'),
(146, 73, 42, 1, 1299, NULL, NULL, NULL, NULL, NULL, '2024-07-31 12:22:43', '2024-07-31 12:22:43'),
(147, 73, 43, 1, 1099, NULL, NULL, NULL, NULL, NULL, '2024-07-31 12:22:43', '2024-07-31 12:22:43'),
(148, 74, 51, 1, 999, NULL, NULL, NULL, NULL, NULL, '2024-07-31 14:52:04', '2024-07-31 14:52:04'),
(149, 74, 46, 1, 590, NULL, NULL, NULL, NULL, NULL, '2024-07-31 14:52:04', '2024-07-31 14:52:04'),
(150, 74, 50, 1, 460, NULL, NULL, NULL, NULL, NULL, '2024-07-31 14:52:04', '2024-07-31 14:52:04'),
(151, 75, 51, 1, 999, NULL, NULL, NULL, NULL, NULL, '2024-07-31 14:53:22', '2024-07-31 14:53:22');

-- --------------------------------------------------------

--
-- Table structure for table `order_status`
--

CREATE TABLE `order_status` (
  `id` int NOT NULL,
  `order_status_name` varchar(50) NOT NULL,
  `out_of_warehouse` int NOT NULL DEFAULT '1'
) ENGINE=InnoDB DEFAULT CHARSET=utf8mb4 COLLATE=utf8mb4_0900_ai_ci;

--
-- Dumping data for table `order_status`
--

INSERT INTO `order_status` (`id`, `order_status_name`, `out_of_warehouse`) VALUES
(1, '待付款', 1),
(2, '待出貨', 1),
(3, '已完成', 1),
(4, '已取消', 0);

--
-- Indexes for dumped tables
--

--
-- Indexes for table `cart_member`
--
ALTER TABLE `cart_member`
  ADD PRIMARY KEY (`id`);

--
-- Indexes for table `coupons`
--
ALTER TABLE `coupons`
  ADD PRIMARY KEY (`id`);

--
-- Indexes for table `coupon_member`
--
ALTER TABLE `coupon_member`
  ADD PRIMARY KEY (`id`);

--
-- Indexes for table `coupon_product_associations`
--
ALTER TABLE `coupon_product_associations`
  ADD PRIMARY KEY (`id`);

--
-- Indexes for table `coupon_types`
--
ALTER TABLE `coupon_types`
  ADD PRIMARY KEY (`id`);

--
-- Indexes for table `orders`
--
ALTER TABLE `orders`
  ADD PRIMARY KEY (`id`);

--
-- Indexes for table `order_details`
--
ALTER TABLE `order_details`
  ADD PRIMARY KEY (`id`);

--
-- Indexes for table `order_status`
--
ALTER TABLE `order_status`
  ADD PRIMARY KEY (`id`);

--
-- AUTO_INCREMENT for dumped tables
--

--
-- AUTO_INCREMENT for table `cart_member`
--
ALTER TABLE `cart_member`
  MODIFY `id` int NOT NULL AUTO_INCREMENT, AUTO_INCREMENT=144;

--
-- AUTO_INCREMENT for table `coupon_member`
--
ALTER TABLE `coupon_member`
  MODIFY `id` int NOT NULL AUTO_INCREMENT, AUTO_INCREMENT=61;

--
-- AUTO_INCREMENT for table `coupon_product_associations`
--
ALTER TABLE `coupon_product_associations`
  MODIFY `id` int NOT NULL AUTO_INCREMENT, AUTO_INCREMENT=19;

--
-- AUTO_INCREMENT for table `orders`
--
ALTER TABLE `orders`
  MODIFY `id` int NOT NULL AUTO_INCREMENT, AUTO_INCREMENT=68;

--
-- AUTO_INCREMENT for table `order_details`
--
ALTER TABLE `order_details`
  MODIFY `id` int NOT NULL AUTO_INCREMENT, AUTO_INCREMENT=130;
COMMIT;

/*!40101 SET CHARACTER_SET_CLIENT=@OLD_CHARACTER_SET_CLIENT */;
/*!40101 SET CHARACTER_SET_RESULTS=@OLD_CHARACTER_SET_RESULTS */;
/*!40101 SET COLLATION_CONNECTION=@OLD_COLLATION_CONNECTION */;



-- order end


-- teams start
CREATE TABLE `teams_chats` (
  `chat_id` int NOT NULL AUTO_INCREMENT PRIMARY KEY,
  `chat_at` int DEFAULT NULL,
  `chat_by` int DEFAULT NULL,
  `chat_text` varchar(200) DEFAULT NULL,
  `chat_display` int NOT NULL DEFAULT '1',
  `create_at` datetime DEFAULT CURRENT_TIMESTAMP);

--
-- 傾印資料表的資料 `teams_chats`
--

INSERT INTO `teams_chats` (`chat_id`, `chat_at`, `chat_by`, `chat_text`, `chat_display`, `create_at`) VALUES
(1, 1, 5, '哈囉大家好我搶到一樓了', 1, '2024-04-13 13:38:28'),
(2, 2, 5, '第二推', 1, '2024-04-13 13:38:37'),
(3, 1, 7, '測試，有人看到我的留言嗎？', 1, '2024-04-13 14:03:50'),
(4, 1, 8, '我也來測試看看', 1, '2024-04-13 14:04:14'),
(5, 3, 4, '這團也測試看看', 1, '2024-05-13 14:16:17'),
(6, 12, 8, '測試看看留言機能', 1, '2024-05-14 10:30:19'),
(7, 12, 7, '測試', 1, '2024-05-14 10:38:25'),
(8, 12, 2, '都在留言沒人要加', 1, '2024-05-14 10:52:54'),
(9, 12, 3, 'ㄏㄏ', 1, '2024-05-14 10:53:30'),
(10, 1, 3, '廣告廣告廣告', 1, '2024-05-14 10:58:02'),
(11, 1, 10, '這團好熱鬧', 1, '2024-05-14 10:58:49'),
(12, 5, 2, '我想加但沒空', 1, '2024-06-14 11:31:24'),
(13, 12, 7, '測試看看', 1, '2024-06-15 16:05:13'),
(14, 1, 7, '測試看看', 1, '2024-06-15 16:06:08'),
(15, 2, 4, '第三推', 1, '2024-06-16 09:41:49'),
(21, 12, 5, '大家好', 1, '2024-07-12 13:58:48'),
(22, 12, 6, 'cccccc', 1, '2024-07-12 14:01:00'),
(26, 3, 5, '哈哈', 1, '2024-07-12 14:21:29'),
(27, 7, 12, '大家好喔', 1, '2024-07-12 14:34:54'),
(37, 18, 13, 'HEY', 1, '2024-07-12 15:28:34'),
(43, 4, 11, '大家好', 1, '2024-07-15 13:17:52'),
(47, 12, 10, '午餐要吃什麼', 1, '2024-07-17 14:29:30'),
(50, 19, 11, '團長好！', 1, '2024-07-28 18:54:07');

-- --------------------------------------------------------

--
-- 資料表結構 `teams_list`
--

CREATE TABLE `teams_list` (
  `team_id` int NOT NULL AUTO_INCREMENT PRIMARY KEY,
  `r_id` int NOT NULL,
  `team_title` varchar(40) DEFAULT NULL,
  `team_limit` int NOT NULL,
  `create_at` datetime NOT NULL DEFAULT CURRENT_TIMESTAMP,
  `team_status` varchar(10) NOT NULL DEFAULT '募集中',
  `team_display` int NOT NULL DEFAULT '1',
  `team_note` varchar(600) DEFAULT NULL,
  `last_modified_at` datetime NOT NULL DEFAULT CURRENT_TIMESTAMP);

--
-- 傾印資料表的資料 `teams_list`
--

INSERT INTO `teams_list` (`team_id`, `r_id`, `team_title`, `team_limit`, `create_at`, `team_status`, `team_display`, `team_note`, `last_modified_at`) VALUES
(1, 1, '第一團', 1, '2024-05-10 14:47:18', '募集中', 1, '搶到第一團啦，還差一個隊友一起跑！', '2024-05-15 14:37:12'),
(4, 4, '順便約吃飯', 3, '2024-05-10 14:47:18', '募集中', 1, '跑完團大家一起去吃個飯吧', '2024-05-10 14:47:18'),
(5, 5, '貝克街探險', 2, '2024-05-10 14:47:18', '募集中', 1, '說到倫敦就是福爾摩斯跟貝克街少年團啊', '2024-05-14 12:57:46'),
(6, 6, '吸收芬多精', 3, '2024-05-10 14:47:18', '已成團', 1, '大家團隊合作，一起突破末日吧！', '2024-05-10 14:47:18'),
(7, 7, '一起跑團', 1, '2024-05-10 14:47:18', '募集中', 1, '還缺一個人，快來加入吧！', '2024-05-15 13:04:27'),
(9, 9, '逃出密室', 2, '2024-05-10 14:47:18', '募集中', 1, '希望有老手能協助指導', '2024-07-29 01:55:02'),
(10, 10, '沒去過倫敦，跑個倫敦團', 3, '2024-05-10 14:47:18', '募集中', 1, '聽說這個密室逃脫行程的氣氛很棒，想找人一起體驗一下', '2024-05-10 14:47:18'),
(11, 11, '勇氣之團', 3, '2024-05-13 09:10:14', '募集中', 1, '勇氣！熱血！勝利！', '2024-05-13 09:10:14'),
(12, 12, '我只是來打牌的', 3, '2024-05-13 09:14:26', '募集中', 1, '跑團也好，打牌也好，大家高興就好', '2024-05-15 09:21:02'),
(13, 13, '合作解謎', 5, '2024-05-15 09:18:08', '已成團', 1, '團隊合作最重要！', '2024-05-15 09:20:00'),
(14, 14, '行程名好可怕', 1, '2024-05-15 09:36:12', '募集中', 1, '怕！', '2024-05-15 09:36:12'),
(15, 15, '跑完團約個下午茶吧', 5, '2024-05-15 14:24:57', '募集中', 1, '大家一起交個朋友吧', '2024-05-15 14:24:57'),
(16, 16, '尋找大寶藏', 5, '2024-05-15 14:25:15', '募集中', 1, '朋友不夠，平台來糾！', '2024-05-15 14:25:15'),
(17, 17, 'eeeee形', 3, '2024-05-15 14:45:22', '募集中', 1, 'eeeeee形', '2024-05-15 14:45:22'),
(19, 19, '第一次挑戰密室逃脫', 2, '2024-06-28 07:29:56', '募集中', 1, '哈囉', '2024-06-28 07:29:56'),
(20, 20, '挑戰解謎速度', 3, '2024-06-28 07:29:56', '募集中', 1, 'YEAH', '2024-07-29 11:53:12'),
(38, 18, '那時候亂吶', 6, '2024-07-27 09:44:56', '募集中', 1, '也沒亂到解謎上吧，大概', '2024-07-27 09:44:56'),
(40, 8, '天荒荒霧茫茫', 5, '2024-07-27 11:15:57', '募集中', 1, '好久沒跑密室逃脫了，大家一起玩', '2024-07-27 11:15:57'),
(41, 300, '假日跑團去', 3, '2024-07-30 14:50:02', '募集中', 1, '星期天，當然就要邀請同好一起挑戰密室逃脫啊！', '2024-07-30 14:50:02'),
(42, 308, '密室逃脫，限高手', 2, '2024-07-30 19:29:44', '已成團', 1, '歡迎喜歡密室逃脫的高手，一起挑戰解謎速度', '2024-07-30 19:29:44'),
(43, 309, '早起的鳥兒有團跑', 3, '2024-07-30 19:33:03', '已成團', 1, '徵求身體健康的同好一起參加', '2024-07-30 19:33:03'),
(44, 301, '週日早上跑團', 5, '2024-07-30 19:34:05', '已成團', 1, '不見不散！', '2024-07-30 19:34:05'),
(45, 335, '週五狂歡夜', 1, '2024-07-30 19:35:06', '已成團', 1, '下班一起玩密室逃脫啊，有高手帶', '2024-07-30 19:35:06'),
(46, 342, '歡迎同好一起參加', 4, '2024-07-30 19:36:05', '募集中', 1, '不管是新手還是老手，大家一起交個朋友', '2024-07-30 19:36:05'),
(47, 348, '沒朋友的邊緣團QQ', 2, '2024-07-30 19:37:23', '募集中', 1, '歡迎沒朋友的同好一起參加QQ', '2024-07-30 19:37:23'),
(48, 350, '國慶日在密室逃脫尋找隊友是不是弄錯了什麼？', 5, '2024-07-30 20:00:25', '募集中', 1, '國慶日跑團啊', '2024-07-30 20:00:25'),
(49, 311, '看完升旗去跑團', 2, '2024-07-30 20:01:06', '募集中', 1, '愛國的跑團同好', '2024-07-30 20:01:06'),
(50, 327, '雙十團', 2, '2024-07-30 20:02:00', '募集中', 1, '國慶日放假跑團', '2024-07-30 20:02:00'),
(51, 330, '週末到了', 1, '2024-07-30 20:02:48', '募集中', 1, '缺1個人', '2024-07-30 20:02:48'),
(52, 349, '喜歡跑團的一起來', 4, '2024-07-30 20:03:36', '募集中', 1, '徵求帥哥美女', '2024-07-30 20:03:36'),
(53, 303, '鳥語花香團', 4, '2024-07-30 20:06:07', '募集中', 1, '聽說這個密室逃脫主題很可愛，一起來吧', '2024-07-30 20:06:07'),
(54, 346, '二刷團', 2, '2024-07-30 20:06:39', '募集中', 1, '跟朋友一起跑過，想再糾團玩玩看', '2024-07-30 20:06:39'),
(55, 329, '第一次跑團', 2, '2024-07-30 20:08:17', '募集中', 1, '徵求前輩，請多多指教', '2024-07-30 20:08:17'),
(56, 344, '週末啦', 2, '2024-07-30 20:09:44', '募集中', 1, '跑團喔', '2024-07-30 20:09:44'),
(57, 337, '很恐怖的樣子', 1, '2024-07-30 20:10:33', '募集中', 1, '這是鬼屋嗎', '2024-07-30 20:10:33'),
(58, 304, 'cos團，徵同好', 2, '2024-07-30 20:11:51', '募集中', 1, '有問過主辦，跑完團可以借我們景拍照', '2024-07-30 20:11:51'),
(59, 305, '喜歡密室逃脫的快來', 2, '2024-07-30 20:12:36', '募集中', 1, '一起解謎吧', '2024-07-30 20:12:36'),
(60, 338, '阿明有看到記得來加', 1, '2024-07-30 20:13:17', '募集中', 1, '', '2024-07-30 20:13:17'),
(61, 345, 'YEAH', 1, '2024-07-30 20:13:45', '募集中', 1, '', '2024-07-30 20:13:45'),
(62, 341, '禮拜六喔', 1, '2024-07-30 20:14:07', '募集中', 1, '', '2024-07-30 20:14:07'),
(63, 312, '驚夏團', 3, '2024-07-30 20:14:45', '募集中', 1, '希望裡面冷氣夠強', '2024-07-30 20:14:45'),
(64, 334, '五十嵐團康', 2, '2024-07-30 20:15:49', '已成團', 1, '不是五十嵐員工也可以來喔!', '2024-07-30 20:15:49'),
(65, 333, '請問怎麼退款', 1, '2024-07-30 20:16:47', '募集中', 1, '客服電話打不通，有人看到可以連絡公司嗎？', '2024-07-30 20:16:47'),
(66, 324, '週五狂歡夜', 3, '2024-07-30 20:17:19', '募集中', 1, '來喔來喔', '2024-07-30 20:17:19'),
(67, 316, '人為什麼要過馬路', 1, '2024-07-30 20:17:32', '已成團', 1, '', '2024-07-30 20:17:32'),
(68, 317, '跑團不香嗎', 2, '2024-07-30 20:17:58', '募集中', 1, '', '2024-07-30 20:17:58'),
(69, 343, '缺1人', 1, '2024-07-30 20:18:47', '募集中', 1, '有朋友那天有事不能參加，缺一個名額，歡迎一起密室逃脫', '2024-07-30 20:18:47'),
(70, 307, '順便約吃晚餐', 1, '2024-07-30 20:19:22', '募集中', 1, '限女，一起跑團一起吃晚餐', '2024-07-30 20:19:22'),
(71, 313, '123', 1, '2024-07-30 20:19:43', '募集中', 1, '', '2024-07-30 20:19:43'),
(72, 314, '逝去的夏天', 1, '2024-07-30 20:20:36', '募集中', 1, '八月的結尾，一起玩密室逃脫吧', '2024-07-30 20:20:36'),
(73, 302, '折價券怎麼用', 3, '2024-07-30 20:21:37', '募集中', 1, '訂票時忘記選折價券了，可以補用嗎？', '2024-07-30 20:21:37'),
(74, 326, '大家一起來', 2, '2024-07-30 20:23:18', '募集中', 1, '', '2024-07-30 20:23:18'),
(75, 331, '網站吉祥物好可愛', 3, '2024-07-30 20:23:48', '募集中', 1, '小編有考慮推出NFT嗎？或是貼圖', '2024-07-30 20:23:48'),
(76, 321, '想不到要叫什麼', 1, '2024-07-30 20:24:01', '募集中', 1, '', '2024-07-30 20:24:01'),
(77, 325, '大於三個字', 1, '2024-07-30 20:24:33', '募集中', 1, '表格說要大於三個字', '2024-07-30 20:24:33'),
(78, 323, '假日跑團', 4, '2024-07-30 20:25:00', '募集中', 1, '', '2024-07-30 20:25:00'),
(79, 319, 'Fallout', 3, '2024-07-30 20:25:37', '募集中', 1, '有人有看那部影集嗎？好看喔', '2024-07-30 20:25:37'),
(80, 318, '密室逃脫限高手', 2, '2024-07-30 20:26:25', '募集中', 1, '聽說解題速度夠快有獎品', '2024-07-30 20:26:25'),
(81, 340, 'One Piece', 2, '2024-07-30 20:26:44', '募集中', 1, '', '2024-07-30 20:26:44'),
(82, 347, '我就廢！', 2, '2024-07-30 20:27:16', '募集中', 1, '廢墟的廢', '2024-07-30 20:27:16'),
(83, 320, '殺韃子', 1, '2024-07-30 20:27:49', '募集中', 1, '要尊重傳統', '2024-07-30 20:27:49'),
(84, 310, '一起玩密室逃脫', 2, '2024-07-30 20:28:33', '募集中', 1, '', '2024-07-30 20:28:33'),
(85, 339, '週末又到了', 2, '2024-07-30 20:28:55', '募集中', 1, '', '2024-07-30 20:28:55'),
(86, 322, '密室逃脫週六團', 2, '2024-07-30 20:30:11', '募集中', 1, '也可以先約午餐，吃完認識一下默契更好', '2024-07-30 20:30:11'),
(87, 328, 'AWSL', 1, '2024-07-30 20:30:22', '募集中', 1, '', '2024-07-30 20:30:22'),
(88, 332, '嘟比嘟比搭巴搭八', 1, '2024-07-30 20:30:56', '募集中', 1, '媽己摳米步步步', '2024-07-30 20:30:56'),
(89, 336, '注意看，這個團長太狠了', 3, '2024-07-30 20:31:41', '募集中', 1, '團長負擔所有團費，想玩密室逃脫的快來喔', '2024-07-30 20:31:41'),
(90, 351, '鐵橋垮下來', 4, '2024-07-30 20:32:09', '募集中', 1, '阿垮', '2024-07-30 20:32:09'),
(91, 306, '明天要上班', 2, '2024-07-30 20:32:43', '募集中', 1, '只好今天跑團', '2024-07-30 20:32:43'),
(92, 315, '約人玩密室逃脫', 2, '2024-07-30 20:33:57', '募集中', 1, '結束後可以去看電影', '2024-07-30 20:33:57');

-- --------------------------------------------------------

--
-- 資料表結構 `teams_members`
--

CREATE TABLE `teams_members` (
  `no` int NOT NULL AUTO_INCREMENT PRIMARY KEY,
  `join_team_id` int DEFAULT NULL,
  `join_user_id` int DEFAULT NULL,
  `create_at` datetime DEFAULT CURRENT_TIMESTAMP,
  `last_modified_at` datetime DEFAULT CURRENT_TIMESTAMP,
  `m_status` int DEFAULT 0);

--
-- 傾印資料表的資料 `teams_members`
--

INSERT INTO `teams_members` (`no`, `join_team_id`, `join_user_id`, `create_at`, `last_modified_at`, `m_status`) VALUES
(1, 1, 3, '2024-05-13 15:14:49', NULL, 1),
(2, 2, 1, '2024-05-13 15:14:49', NULL, 0),
(3, 2, 8, '2024-05-13 15:14:49', NULL, 0),
(4, 7, 12, '2024-05-13 15:14:49', NULL, 0),
(5, 10, 7, '2024-05-13 15:14:49', NULL, 0),
(6, 10, 9, '2024-05-13 15:14:49', NULL, 0),
(7, 9, 5, '2024-05-13 15:14:49', '2024-07-29 01:55:02', 0),
(8, 6, 1, '2024-05-13 15:14:49', '2024-07-27 10:30:24', 0),
(9, 6, 2, '2024-05-13 15:14:49', '2024-07-27 10:30:24', 0),
(10, 2, 5, '2024-05-16 09:49:16', NULL, 0),
(11, 2, 7, '2024-05-16 09:51:43', NULL, 1),
(12, 12, 12, '2024-05-16 10:28:00', '2024-07-23 11:55:29', 0),
(13, 12, 5, '2024-05-16 10:28:14', '2024-07-23 11:55:29', 0),
(14, 12, 9, '2024-05-16 10:28:26', '2024-07-23 11:55:29', 1),
(18, 20, 14, '2024-07-19 10:48:53', '2024-07-29 11:53:12', 1),
(19, 19, 11, '2024-07-19 10:55:14', '2024-07-19 10:55:14', 0),
(21, 12, 4, '2024-07-22 11:37:00', '2024-07-23 11:55:29', 1),
(22, 4, 11, '2024-07-26 15:32:49', '2024-07-26 15:32:49', 0),
(23, 19, 14, '2024-07-27 09:31:10', '2024-07-27 09:31:10', 0),
(24, 16, 14, '2024-07-27 09:33:29', '2024-07-27 09:33:29', 0),
(25, 20, 9, '2024-07-27 09:46:24', '2024-07-29 11:53:12', 1),
(26, 38, 14, '2024-07-27 09:47:30', '2024-07-27 09:47:30', 0),
(27, 9, 3, '2024-07-28 10:26:11', '2024-07-29 01:55:02', 1),
(28, 9, 15, '2024-07-28 10:26:11', '2024-07-29 01:55:02', 1),
(29, 6, 3, '2024-07-28 18:56:41', NULL, 0),
(58, 20, 11, '2024-07-28 10:10:11', '2024-07-29 11:53:12', 1),
(59, 19, 12, '2024-07-29 10:30:09', '2024-07-29 10:30:09', 0),
(60, 20, 7, '2024-07-29 10:30:22', '2024-07-29 11:53:12', 0),
(61, 38, 13, '2024-07-29 13:25:28', '2024-07-29 13:25:28', 0),
(62, 15, 13, '2024-07-29 13:36:02', '2024-07-29 13:36:02', 0),
(63, 13, 5, '2024-07-29 05:36:57', '2024-07-29 05:36:57', 1),
(64, 13, 3, '2024-07-29 05:37:39', '2024-07-29 05:37:39', 1),
(65, 13, 8, '2024-07-29 05:37:39', '2024-07-29 05:37:39', 1),
(66, 13, 10, '2024-07-29 05:37:39', '2024-07-29 05:37:39', 1),
(67, 13, 16, '2024-07-29 05:37:39', '2024-07-29 05:37:39', 1),
(68, 42, 7, '2024-07-30 20:42:46', '2024-07-30 20:42:46', 1),
(69, 42, 17, '2024-07-30 20:42:46', '2024-07-30 20:42:46', 1),
(70, 64, 1, '2024-07-30 20:46:16', '2024-07-30 20:46:16', 1),
(71, 64, 5, '2024-07-30 20:46:16', '2024-07-30 20:46:16', 1),
(72, 43, 15, '2024-07-30 20:47:08', '2024-07-30 20:47:08', 1),
(73, 43, 16, '2024-07-30 20:47:08', '2024-07-30 20:47:08', 1),
(74, 43, 18, '2024-07-30 20:47:08', '2024-07-30 20:47:08', 1),
(75, 44, 5, '2024-07-30 20:47:29', '2024-07-30 20:47:29', 1),
(76, 44, 4, '2024-07-30 20:48:01', '2024-07-30 20:48:01', 1),
(77, 44, 1, '2024-07-30 20:48:01', '2024-07-30 20:48:01', 1),
(78, 44, 13, '2024-07-30 20:48:01', '2024-07-30 20:48:01', 1),
(79, 44, 10, '2024-07-30 20:48:01', '2024-07-30 20:48:01', 1),
(80, 44, 15, '2024-07-30 20:48:01', '2024-07-30 20:48:01', 1),
(81, 67, 7, '2024-07-30 20:48:45', '2024-07-30 20:48:45', 1);
-- teams end